playlist,song_id,description
Playlist 7,21,ymbsylltnt
Playlist 10,24,exyhqzlai
Playlist 3,16,xjxniff
Playlist 10,10,bxdea
Playlist 3,4,syvuc
Playlist 4,11,tpyneh
Playlist 1,3,gqbmeb
Playlist 9,32,sgbmvckamf
Playlist 5,17,gbevjpsq
Playlist 8,23,cqopymeuch
Playlist 2,14,cljxzjo
Playlist 4,26,kkisqiccyn
Playlist 2,12,rrzzgi
Playlist 9,18,aieclcjyhc
Playlist 2,29,napvq
Playlist 3,11,pstlojo
Playlist 3,15,eczltfmcda
Playlist 3,21,xcjvi
Playlist 2,22,wxejeov
Playlist 5,42,skogwzand
Playlist 6,21,uxewccxyw
Playlist 3,45,ntiflapx
Playlist 3,31,zmiuo
Playlist 6,1,ytzid
Playlist 1,16,rsvvddhpll
Playlist 10,13,kgsqs
Playlist 1,40,qoqmoioai
Playlist 5,50,smapmik
Playlist 2,22,wbhohzab
Playlist 5,36,iiitv
Playlist 9,27,oajtu
Playlist 7,38,tgsjrkr
Playlist 2,11,ezqkhd
Playlist 6,31,rdciyphi
Playlist 6,21,tjvfj
Playlist 7,45,pyuhci
Playlist 5,11,qkypdpg
Playlist 5,35,ohpkxphwd
Playlist 3,1,fohnrtobw
Playlist 10,34,buiwviphts
Playlist 3,4,wynhkpr
Playlist 9,17,bjyhxewnb
Playlist 1,43,xeljmvjqct
Playlist 5,26,betfklo
Playlist 10,13,jvlqlc
Playlist 5,11,onzxa
Playlist 5,30,smroqyrcfx
Playlist 10,46,zltuvim
Playlist 7,13,awkgpd
Playlist 10,12,jagtiqbk
Playlist 2,39,gdhcxptrjd
Playlist 3,29,tsjeishrn
Playlist 10,16,bknwzgryox
Playlist 2,44,hdgyslnhyi
Playlist 3,26,yiephttuf
Playlist 10,35,ibpcpwxwr
Playlist 4,50,avwfpls
Playlist 5,30,bcmdvc
Playlist 3,9,xldqngqml
Playlist 7,32,rdgfia
Playlist 1,16,hucdcb
Playlist 4,21,hrbnslqs
Playlist 2,48,xkpjadis
Playlist 8,16,eehqxyffs
Playlist 7,16,vcdnxoke
Playlist 8,25,zjidjs
Playlist 6,23,qsxryn
Playlist 2,36,kubylp
Playlist 3,16,xubfapkk
Playlist 6,38,qswzytkjqh
Playlist 7,45,xpnallob
Playlist 4,23,psnrgor
Playlist 10,25,erpwnvjutm
Playlist 6,21,nfzbosb
Playlist 4,19,vizcadru
Playlist 9,31,zfwextopb
Playlist 1,28,iyzauwap
Playlist 9,1,eulugjmp
Playlist 6,34,rshlnobz
Playlist 3,7,getffrs
Playlist 9,48,clasfwyj
Playlist 3,24,rzdbl
Playlist 10,26,bpeaunykw
Playlist 5,22,onvtvzwfd
Playlist 1,29,lhxalxswp
Playlist 9,20,vfsge
Playlist 7,26,bdtmg
Playlist 7,29,uvjfziktar
Playlist 10,45,pmvve
Playlist 5,34,hzlengr
Playlist 10,4,fllhs
Playlist 5,20,aqgxpata
Playlist 6,47,xstviqdva
Playlist 10,28,lbqpmi
Playlist 10,34,unqwqmd
Playlist 8,40,jhomqneqys
Playlist 2,37,nbrbojq
Playlist 2,15,rclfsmpww
Playlist 7,46,cblvfze
Playlist 10,43,soypbjend
Playlist 2,22,grygaoxmru
Playlist 1,38,yigye
Playlist 5,19,ovkxap
Playlist 8,27,rkajfvk
Playlist 7,21,dyjubsmdky
Playlist 3,47,iazdoeczs
Playlist 5,11,goceyb
Playlist 7,6,ewxyecrygi
Playlist 2,40,yegqb
Playlist 10,1,vzdiglwom
Playlist 1,47,nwctczcyao
Playlist 3,36,dboxtuox
Playlist 8,43,trizxxvagv
Playlist 9,21,oprbvec
Playlist 7,31,avnhbbnh
Playlist 5,7,bbslwjm
Playlist 9,32,wqblejtjm
Playlist 9,46,pjqhcvra
Playlist 3,47,qhltyyfsqg
Playlist 7,19,trutqboyh
Playlist 7,26,ttbhsz
Playlist 1,16,inyirrx
Playlist 9,27,shehmwexu
Playlist 5,38,yufmzf
Playlist 8,31,iytyothj
Playlist 1,34,skxymozki
Playlist 1,44,nviet
Playlist 10,42,dpcrswrsi
Playlist 8,33,lbdqaltg
Playlist 6,35,lgfiw
Playlist 5,38,bjbasw
Playlist 8,18,hhaqdl
Playlist 6,47,vlxmv
Playlist 4,30,tcyroerfw
Playlist 4,39,fkkxagkxf
Playlist 7,47,iixbfcuis
Playlist 8,31,twgxbr
Playlist 10,36,dpzrfdm
Playlist 1,11,yzomiv
Playlist 1,17,mswsxxbnmb
Playlist 6,43,xhjntulbau
Playlist 1,30,jxkzgs
Playlist 2,4,hbfzu
Playlist 4,43,oiroagiar
Playlist 3,36,nvpqyar
Playlist 3,22,fydpajyhwc
Playlist 8,17,sbdqukc
Playlist 7,48,keobq
Playlist 5,36,pvstzfxo
Playlist 9,37,kvcweruw
Playlist 1,12,gcuygjiu
Playlist 2,22,sguvp
Playlist 5,11,czosgols
Playlist 2,4,yaehtjfju
Playlist 3,25,qpkxptaatb
Playlist 8,48,bnnwqn
Playlist 4,29,qoqbxqrecm
Playlist 6,32,utfbfx
Playlist 4,47,ikktmm
Playlist 3,45,rsjwqam
Playlist 4,18,bxdgjj
Playlist 1,21,ozzkjxv
Playlist 1,49,tczkq
Playlist 2,6,xzguqkytnl
Playlist 10,7,emyqpxz
Playlist 8,34,ndtih
Playlist 6,28,iowlol
Playlist 3,44,gkbpij
Playlist 7,43,ymksboj
Playlist 5,48,hxyexvls
Playlist 1,49,jrybukfr
Playlist 2,33,fimcgss
Playlist 8,48,glmxwl
Playlist 1,27,hieuv
Playlist 4,27,sqtpmby
Playlist 10,10,drquqz
Playlist 9,40,kzhigowuut
Playlist 3,1,tncib
Playlist 8,31,lqlqqywklq
Playlist 7,11,netxubh
Playlist 7,37,qfrfuk
Playlist 7,33,ecwtsexdd
Playlist 4,10,twofp
Playlist 7,46,ltziotbrc
Playlist 6,1,lgurxj
Playlist 3,38,xpeyuvolpz
Playlist 6,17,desgryi
Playlist 8,29,zscpfwegt
Playlist 5,34,adimvkeaxt
Playlist 4,20,rlufr
Playlist 6,11,myuluwufx
Playlist 3,21,pgrfc
Playlist 9,34,qbjxcjzjcl
Playlist 2,48,cphymisikl
Playlist 3,29,giqlmgxgky
Playlist 6,3,mlnbetf
Playlist 8,45,oyioyqit
Playlist 10,35,gvaubwlgi
Playlist 10,14,gvzlftp
Playlist 9,33,norqgwxxb
Playlist 9,31,snujmoe
Playlist 5,32,cuffhsdq
Playlist 2,13,mdbarr
Playlist 6,13,gtzjiattu
Playlist 7,29,exfnwggi
Playlist 5,26,tyaatpfsfn
Playlist 4,35,ikcestuhps
Playlist 1,48,iybxvabe
Playlist 1,44,nkvntd
Playlist 7,8,dpqtskvea
Playlist 6,38,xcmwobt
Playlist 10,18,dwozv
Playlist 10,15,npiihxiz
Playlist 5,2,ftmvax
Playlist 6,9,yiqjq
Playlist 7,23,kffupo
Playlist 4,44,swcwiw
Playlist 9,30,fvdrsad
Playlist 4,16,qjpshvrqp
Playlist 9,20,niwamxnxn
Playlist 9,33,oebrugujra
Playlist 7,40,lbrervsmm
Playlist 10,23,cdffyrrksg
Playlist 9,43,ztlno
Playlist 3,46,xkuikuw
Playlist 8,44,oecfbfrtii
Playlist 7,30,fjjxrkob
Playlist 5,40,idwkvsigg
Playlist 6,44,mnqpehf
Playlist 10,39,ogbbco
Playlist 7,4,mmrfeuh
Playlist 4,5,dbocdtj
Playlist 1,44,kruwnqr
Playlist 8,23,mvczxhgw
Playlist 6,8,easwf
Playlist 2,50,mwmxyxk
Playlist 3,49,jcridjsnvf
Playlist 6,16,bktkmlfqx
Playlist 6,2,tviis
Playlist 4,2,mgjkgl
Playlist 6,16,xloju
Playlist 9,26,frpvsnrje
Playlist 1,30,iwuswrhpq
Playlist 8,17,svvdrhnto
Playlist 3,29,xkvmxf
Playlist 9,28,ihpddixiew
Playlist 9,44,kkhby
Playlist 5,50,jwweltzh
Playlist 10,24,tlphmqh
Playlist 1,26,uxfvrafstw
Playlist 9,32,wwmuj
Playlist 9,39,oywnue
Playlist 2,42,bmvoyrm
Playlist 8,2,jfbdkl
Playlist 7,3,akukuz
Playlist 2,40,rhnxfjl
Playlist 9,3,vrorupynrv
Playlist 5,41,dynqovzgo
Playlist 3,17,nenwqcqo
Playlist 7,45,jriuo
Playlist 10,30,xujsvk
Playlist 3,13,mobdjab
Playlist 2,29,elujhidky
Playlist 1,34,wecwvsqh
Playlist 6,28,jhsdnvxcht
Playlist 7,32,sdjagcoliy
Playlist 3,18,yamber
Playlist 5,10,lzefmvqps
Playlist 7,36,woyygih
Playlist 1,46,cemrdiliv
Playlist 7,44,xjznq
Playlist 1,27,hmmmntcdx
Playlist 1,15,xclljvd
Playlist 6,20,hkjps
Playlist 2,18,iqvci
Playlist 1,29,jpyhtqf
Playlist 8,45,wocbep
Playlist 10,42,lakolwokhu
Playlist 3,12,llzcon
Playlist 10,11,pbjyuufge
Playlist 9,1,razoctlp
Playlist 6,2,tssstiuwrv
Playlist 7,40,hwicmtu
Playlist 8,14,uxjtq
Playlist 6,24,sdyatqdu
Playlist 8,21,ibgisvl
Playlist 7,6,vqrjetll
Playlist 8,17,uxxgwjw
Playlist 7,49,ezbvbteo
Playlist 7,36,jkvvuaex
Playlist 7,8,prwvodyjgr
Playlist 1,9,lnrqe
Playlist 3,26,sjazxjccez
Playlist 2,14,nlyvuy
Playlist 1,16,vyfuh
Playlist 9,14,ifxhqz
Playlist 7,29,qbbqp
Playlist 9,47,dbgjdyrqn
Playlist 5,11,yohvnj
Playlist 8,43,pgzmqzei
Playlist 7,21,psxrjprz
Playlist 10,44,luvdfcx
Playlist 1,13,rewaqmaghl
Playlist 7,24,lkyogxd
Playlist 9,16,ccjmt
Playlist 4,23,dxwpjgsh
Playlist 10,42,ymxopd
Playlist 10,34,hmonf
Playlist 9,15,gofps
Playlist 4,12,scjsmcb
Playlist 10,33,hefinsp
Playlist 5,27,zbsyap
Playlist 5,28,fcvpcu
Playlist 6,4,mvnxwz
Playlist 2,36,ramzd
Playlist 8,11,ibvygslpyw
Playlist 7,50,dnatbfetvn
Playlist 3,50,ckqlnrbmjo
Playlist 1,18,ncsvjsloyw
Playlist 9,11,ruspa
Playlist 9,39,yksvczw
Playlist 9,3,grewmgqia
Playlist 5,47,pxexxzgw
Playlist 6,21,eoirub
Playlist 3,37,edotx
Playlist 8,47,qpnbqhhme
Playlist 7,36,jhurqzp
Playlist 10,20,cspufqqmg
Playlist 10,43,xztxsnho
Playlist 9,37,zmyuui
Playlist 8,46,ofhdisosh
Playlist 1,45,lrwnkftln
Playlist 5,31,lgqdielzy
Playlist 1,21,sxluiqdsn
Playlist 5,44,smqimnqprz
Playlist 3,19,bzmhrrj
Playlist 9,18,lkrbxe
Playlist 9,39,dalwvny
Playlist 1,30,rygiyc
Playlist 3,7,sfreuvvnv
Playlist 1,17,hxwheptxs
Playlist 8,30,hzfhxnc
Playlist 10,41,oagqdj
Playlist 8,13,qhkut
Playlist 2,2,xkgozhljuy
Playlist 5,46,sylgqjk
Playlist 10,23,tiurds
Playlist 10,41,fkwionck
Playlist 5,24,wjvqz
Playlist 6,22,ebknnsajej
Playlist 5,9,tsjlxhz
Playlist 2,28,yynga
Playlist 8,26,jjrepf
Playlist 1,3,ybooebkrbw
Playlist 5,33,xwnuyt
Playlist 9,14,fsxgccibfo
Playlist 8,44,eliesdsj
Playlist 3,15,ldmgpzbr
Playlist 5,20,qyrngjwx
Playlist 3,14,cggsditp
Playlist 7,10,yjzzcuf
Playlist 6,9,jqflz
Playlist 8,38,rksjusz
Playlist 10,7,brvcbqy
Playlist 6,7,zghrxmieg
Playlist 7,4,zzouwbuji
Playlist 5,33,gyuaaba
Playlist 9,5,mcpgj
Playlist 6,18,vsvudlrrxp
Playlist 10,9,jqyrm
Playlist 10,9,faahe
Playlist 2,5,riivy
Playlist 9,24,jahkwh
Playlist 7,48,ocjqkbqjh
Playlist 10,38,azmwzshb
Playlist 2,46,snarawstfh
Playlist 8,43,zpfhsrmede
Playlist 10,25,qktcliundp
Playlist 2,5,zkkxe
Playlist 9,10,yqqetbct
Playlist 3,25,mckisad
Playlist 3,30,atatdg
Playlist 1,38,lksee
Playlist 2,43,qvjmposq
Playlist 10,6,usqghltx
Playlist 5,39,rksrsvpk
Playlist 1,41,tbalvabq
Playlist 2,9,tslmjnj
Playlist 1,48,mpsadw
Playlist 10,16,zypsomk
Playlist 10,6,monhmilg
Playlist 8,2,revnwxjhcf
Playlist 9,46,lirnu
Playlist 7,37,knopzehzab
Playlist 3,32,phcbzdhq
Playlist 3,35,yeurnarx
Playlist 8,3,rpwaedcmx
Playlist 6,14,psdaes
Playlist 4,4,yhpmjd
Playlist 1,31,knjecwz
Playlist 2,5,knhqodnhy
Playlist 7,2,hynksnyfeo
Playlist 6,1,vmlybtsgm
Playlist 8,9,qubmj
Playlist 6,27,uuhbfxlsc
Playlist 4,19,rdtmr
Playlist 5,44,iorvi
Playlist 8,34,yjtul
Playlist 10,45,lhrwopyw
Playlist 6,36,qqify
Playlist 7,37,ochreqt
Playlist 6,8,wezbgzubeo
Playlist 7,39,gvnefqrxya
Playlist 2,29,zjapjcayui
Playlist 4,16,osxvktp
Playlist 1,1,ddwoj
Playlist 5,49,hpkmxbqz
Playlist 7,38,tqtmvyavrx
Playlist 4,25,pdommzegge
Playlist 5,45,eyvnnap
Playlist 2,22,zrfiyoos
Playlist 4,17,auaaqfinkw
Playlist 2,41,saeighb
Playlist 1,39,ovdwunw
Playlist 5,18,ujmjp
Playlist 8,28,daodimp
Playlist 7,15,izdectof
Playlist 2,16,jrcsd
Playlist 5,15,yblbzf
Playlist 5,50,muklpxi
Playlist 2,38,acqsh
Playlist 8,3,znhrkyn
Playlist 2,25,punjnrzbh
Playlist 4,8,jflptiaut
Playlist 2,48,crrfxjk
Playlist 2,29,iybhxkpf
Playlist 5,31,oidjgzwk
Playlist 7,10,igtak
Playlist 8,30,tqqwhnen
Playlist 2,48,zoknqovhm
Playlist 9,33,xzoemtbqx
Playlist 7,20,nsslb
Playlist 4,40,ecevwlnuv
Playlist 7,34,vjlvvc
Playlist 1,19,xgyljobds
Playlist 3,47,hmvwfpkcqs
Playlist 10,29,gzvuxtxd
Playlist 6,50,yldfixce
Playlist 7,17,ivthb
Playlist 9,25,eimvj
Playlist 1,20,tourinye
Playlist 5,39,dlnisjgdv
Playlist 2,30,duvgpjbqf
Playlist 5,8,exzlscdg
Playlist 9,44,esjysckh
Playlist 1,48,azsvtc
Playlist 3,2,gsqshrqmo
Playlist 1,33,wanfijexx
Playlist 10,41,sogci
Playlist 3,35,okaqn
Playlist 5,27,ccmdxyxkv
Playlist 7,2,whrgqnq
Playlist 6,36,ppbalobvuj
Playlist 9,40,mbvqpyd
Playlist 7,33,brzfxm
Playlist 6,8,ntoom
Playlist 7,13,hinijd
Playlist 2,31,wxmlzf
Playlist 9,36,pkuxd
Playlist 4,1,oxuqs
Playlist 10,21,slcpxxwot
Playlist 2,38,qwdqf
Playlist 6,34,rblprc
Playlist 8,9,itxhk
Playlist 6,2,aqvodio
Playlist 7,20,jszxhz
Playlist 10,28,xnwaffkhh
Playlist 1,1,pifsxpijno
Playlist 3,3,fwhqdaauo
Playlist 2,30,rcvovzij
Playlist 4,26,hwyzorkw
Playlist 5,10,mzpdzvz
Playlist 8,9,waghcccbb
Playlist 8,44,xumsltqju
Playlist 6,30,vpday
Playlist 3,21,ibpsw
Playlist 6,21,yqkiixg
Playlist 6,46,rdynne
Playlist 5,39,suwxifylpt
Playlist 2,37,qpahicqpld
Playlist 1,2,dqpyklojug
Playlist 7,34,fguiivod
Playlist 7,9,fxfzzzyq
Playlist 3,38,ificjkntl
Playlist 9,14,pejlksppup
Playlist 5,14,uvtladkubh
Playlist 2,17,lupmxfyilu
Playlist 10,45,laruinhkob
Playlist 10,41,kxafztimhr
Playlist 10,47,jzdjddyxnd
Playlist 2,17,npdmgsl
Playlist 4,1,wqxulyir
Playlist 7,1,jvbkvwsz
Playlist 1,6,etmjkcjzdj
Playlist 7,12,jfihpd
Playlist 10,37,ufismup
Playlist 3,34,mkhma
Playlist 10,11,zaetr
Playlist 3,43,zyikgkxk
Playlist 3,50,xkuxsi
Playlist 3,44,nqkukhuje
Playlist 9,34,cunetiilj
Playlist 5,14,qxuwawj
Playlist 1,45,qhzyxd
Playlist 5,42,jadvzqz
Playlist 6,48,sxudys
Playlist 10,33,syjci
Playlist 1,29,vlvcaaodc
Playlist 5,13,khbvzrd
Playlist 6,4,ncqvrjas
Playlist 1,12,yazsq
Playlist 1,42,cpeadlo
Playlist 7,12,kqatic
Playlist 10,46,tweob
Playlist 7,35,ccgtkvu
Playlist 6,24,aawasjzty
Playlist 7,24,ntffxyfro
Playlist 1,37,uwbqijewr
Playlist 6,41,ferbumruh
Playlist 2,7,mkudwbjes
Playlist 8,6,dyabtbxdd
Playlist 1,45,autdvhdbf
Playlist 8,19,qwuceoc
Playlist 10,15,sqeavs
Playlist 10,13,vpqlolwn
Playlist 4,14,mjgadsbh
Playlist 8,45,hydgsfygi
Playlist 9,18,wadieghud
Playlist 5,2,elanqb
Playlist 10,16,ivmecmuxco
Playlist 5,16,tafvsmome
Playlist 5,29,bglqvxpckl
Playlist 1,25,wyydocfw
Playlist 5,6,hcbtx
Playlist 7,45,czixaykbe
Playlist 1,37,ezscxe
Playlist 9,23,lyebet
Playlist 8,19,cikmb
Playlist 8,6,ohbfxljas
Playlist 6,25,xjkojsvy
Playlist 9,28,dzdfhz
Playlist 9,24,hvozcwdsow
Playlist 7,10,gugylh
Playlist 6,50,inlfphz
Playlist 2,46,sinthcm
Playlist 9,13,pnmqr
Playlist 5,13,pxgscmfbqx
Playlist 4,41,mvscpwin
Playlist 3,48,zkusegrpi
Playlist 3,29,pciapmq
Playlist 9,6,opwkdw
Playlist 5,47,vpfbfybxxa
Playlist 7,13,gixviikc
Playlist 1,33,hraea
Playlist 2,5,btmwtrxt
Playlist 10,9,fhnluwieku
Playlist 1,25,vxwgazl
Playlist 4,43,asaov
Playlist 1,38,oelpfqz
Playlist 3,24,tzdbmmib
Playlist 5,1,yybjo
Playlist 1,33,rxyldr
Playlist 8,4,lvxcrh
Playlist 1,47,abluhrziew
Playlist 4,3,wxgsglh
Playlist 2,35,thaedlo
Playlist 8,25,nncpsznh
Playlist 2,31,pzxutwcl
Playlist 10,32,ouohrjqfd
Playlist 5,50,eghhxermu
Playlist 4,48,opphwglak
Playlist 4,31,eirfyjcam
Playlist 7,46,cmucuyl
Playlist 1,8,vtozyl
Playlist 10,4,jxqoew
Playlist 7,20,nwejzlkmp
Playlist 7,35,mhhlu
Playlist 5,1,dnyuvy
Playlist 6,17,ahzpuzkqr
Playlist 8,37,fewap
Playlist 7,46,hbrdqndbu
Playlist 5,38,pmmqp
Playlist 3,50,hmyuc
Playlist 2,16,ejkha
Playlist 8,39,bajudk
Playlist 6,4,zaphgolf
Playlist 10,35,ceqnozv
Playlist 5,17,woimjxvdjd
Playlist 5,18,eargy
Playlist 5,48,gcnnowif
Playlist 5,21,dlxcaerzf
Playlist 10,46,xdgqizs
Playlist 7,27,uglnwt
Playlist 4,27,lwgdjif
Playlist 9,4,zppemwdqjy
Playlist 2,50,abgyjiq
Playlist 8,15,nshjvijvs
Playlist 4,32,nmsiqpqky
Playlist 10,10,pjixpxujpb
Playlist 5,43,ginbxy
Playlist 2,18,rlxsvkrq
Playlist 9,4,tadgpt
Playlist 1,12,rrwpkhfppu
Playlist 1,25,uwjmoal
Playlist 2,34,fzaeimf
Playlist 9,21,tinte
Playlist 4,5,yptyyqo
Playlist 2,35,edqgy
Playlist 2,13,zizgc
Playlist 8,10,xfgswfcqhv
Playlist 7,27,kkvahmzloz
Playlist 8,44,csxswol
Playlist 2,15,czpzc
Playlist 5,48,ddcjpasjri
Playlist 10,9,mabymdcjq
Playlist 10,12,jykwg
Playlist 4,41,ivfzkhhcd
Playlist 2,18,jgtdy
Playlist 8,29,mqrqhd
Playlist 2,4,lvbioe
Playlist 4,21,yqrjneien
Playlist 1,36,bmjidhoyt
Playlist 2,26,cvwzrjqgmr
Playlist 8,2,xqmjmyl
Playlist 2,29,edhywl
Playlist 1,17,ncavprlh
Playlist 9,17,wzeefp
Playlist 1,16,zpmna
Playlist 2,50,wafuevr
Playlist 1,33,dgupsrafsp
Playlist 7,14,hcgdbtmicl
Playlist 6,43,trott
Playlist 7,43,zjmmwb
Playlist 2,49,vphkdxlzrb
Playlist 2,22,niqmhytkq
Playlist 7,26,jazqly
Playlist 9,6,serzdta
Playlist 9,29,dqveinmdl
Playlist 5,15,azankt
Playlist 3,14,rbebe
Playlist 7,26,eslcghw
Playlist 9,34,grneuyhaux
Playlist 9,6,wxvfbsz
Playlist 8,13,unirrqgkwx
Playlist 10,20,evlin
Playlist 2,46,qolzvbwapw
Playlist 1,2,nlccmc
Playlist 4,31,qhwrbey
Playlist 5,1,lmoyngon
Playlist 3,34,uyamszw
Playlist 8,1,boetbv
Playlist 2,16,dbhlets
Playlist 6,37,llorksdyh
Playlist 6,9,mhxjzkg
Playlist 7,31,vvyyi
Playlist 3,40,fwriulagf
Playlist 4,47,ckjgmtl
Playlist 2,45,zbobylrxk
Playlist 2,25,ucszrrsm
Playlist 5,50,carftw
Playlist 5,41,wnfvmwtbu
Playlist 3,37,srnval
Playlist 7,44,ngadc
Playlist 5,24,pfxmvwdi
Playlist 4,9,wpboxlqius
Playlist 8,2,sfxgsdlitn
Playlist 9,35,xldxv
Playlist 5,13,leqaqaox
Playlist 4,47,jkemaac
Playlist 4,28,nzttgksh
Playlist 4,13,ktuxoe
Playlist 8,24,xoatopc
Playlist 9,43,jedlzxir
Playlist 1,23,bhwlxkluf
Playlist 10,46,gmyfmcvklq
Playlist 5,1,bpcokothlb
Playlist 5,4,rshxwfwkm
Playlist 9,24,kzhwwbrl
Playlist 4,2,betkgqugu
Playlist 8,14,denbobomk
Playlist 5,30,vcfulicooj
Playlist 10,6,acwnsg
Playlist 7,12,zarodkr
Playlist 9,37,knvpfhzu
Playlist 4,31,lxkruvjsqw
Playlist 10,8,nnhtpkior
Playlist 9,16,lqgwd
Playlist 2,17,ngbbc
Playlist 6,33,usmaeo
Playlist 10,20,wzdufvc
Playlist 8,12,yjzref
Playlist 2,24,xoechq
Playlist 10,42,bizegmx
Playlist 5,29,wumvi
Playlist 2,12,cactxg
Playlist 2,18,nhhsbgglue
Playlist 3,43,qvfgegzjpq
Playlist 2,36,sdpsmq
Playlist 8,46,jkutsc
Playlist 3,36,poanj
Playlist 4,26,axdleb
Playlist 1,41,azururhuqa
Playlist 1,21,zvuutsp
Playlist 4,1,mznatgfu
Playlist 9,50,oyuzqflrx
Playlist 5,11,gmeexvcwdu
Playlist 6,49,zibwox
Playlist 2,17,ozydhfhsrk
Playlist 8,35,iyrxjoe
Playlist 5,42,rhxroxos
Playlist 1,3,obdktv
Playlist 1,19,ofptlx
Playlist 1,33,jxymk
Playlist 9,27,abhymyrds
Playlist 2,42,cijmoqq
Playlist 4,1,iajwfthwgx
Playlist 5,44,aglvojrro
Playlist 1,16,xppmp
Playlist 1,13,jdhlmmlw
Playlist 9,14,uykaijabn
Playlist 10,22,csxym
Playlist 5,18,oqznojw
Playlist 7,38,mhtzkef
Playlist 10,14,glgpstzei
Playlist 9,48,glfbcmm
Playlist 7,45,yzwdcae
Playlist 10,3,faqdfvxcz
Playlist 7,31,sucaawxuyj
Playlist 4,47,jakrwc
Playlist 10,28,gudwipfnvs
Playlist 2,17,wwwdjfm
Playlist 4,11,hbvoiyzb
Playlist 4,20,rlhrmtt
Playlist 7,45,gwnihhda
Playlist 10,26,boaxnezdql
Playlist 9,1,ebxjxvspq
Playlist 6,41,gwjtvwsjmy
Playlist 7,1,vcruw
Playlist 6,23,bskmrk
Playlist 5,29,nzhttirmly
Playlist 4,23,raysbj
Playlist 1,31,atntd
Playlist 7,39,brwibxnaad
Playlist 5,13,fsfhkualvx
Playlist 9,13,vzxpfwcr
Playlist 6,20,casoxc
Playlist 9,42,tsygfl
Playlist 4,22,frzxdjffml
Playlist 9,17,ofrbtmnuf
Playlist 6,18,vedsz
Playlist 6,27,tgsoa
Playlist 6,18,ozytko
Playlist 4,15,smmts
Playlist 8,43,amwxkmic
Playlist 10,7,plmqqcd
Playlist 1,1,negnpgptl
Playlist 9,34,fecjdigjgd
Playlist 2,14,kvuco
Playlist 8,39,cypoai
Playlist 6,42,dqcutaycdo
Playlist 7,18,vyvwdpqyt
Playlist 8,28,jgskqc
Playlist 7,3,ouhuowf
Playlist 5,34,zvtnkj
Playlist 10,29,nfldnp
Playlist 7,14,njqro
Playlist 4,28,tezlw
Playlist 1,41,qbgcmqe
Playlist 9,5,zkpdjyv
Playlist 3,25,mhsotyyd
Playlist 10,25,xdrjymf
Playlist 7,8,bqagqrfhq
Playlist 10,8,aabuaowku
Playlist 4,32,ioebamn
Playlist 2,8,gssvza
Playlist 2,11,cznsacvm
Playlist 8,12,amoldpuj
Playlist 4,31,trekx
Playlist 3,10,qnhdkxq
Playlist 7,14,ehmigou
Playlist 5,40,pugxtlxlf
Playlist 9,39,afhacs
Playlist 3,47,jocxs
Playlist 1,37,nbzbmefash
Playlist 5,15,plgzvte
Playlist 9,18,arsyjjc
Playlist 10,27,rcjdfwpmns
Playlist 2,27,xatrogod
Playlist 6,33,usqvefw
Playlist 8,35,tiukct
Playlist 4,40,yqgymok
Playlist 7,22,axwymphmik
Playlist 3,31,zgrvoszlr
Playlist 1,24,vmgowazdxy
Playlist 10,9,jhfhssws
Playlist 10,48,hbmjlda
Playlist 4,8,bjcuziogn
Playlist 3,32,sujedlwi
Playlist 9,41,vrnlzsdll
Playlist 1,34,pjkppjl
Playlist 4,27,hebgmxm
Playlist 5,20,tjdjibvip
Playlist 6,21,zfsgumkbot
Playlist 3,19,ulvjplpsa
Playlist 7,33,pymzvahie
Playlist 3,43,yjflsoyxze
Playlist 6,31,gghmjoluzr
Playlist 7,30,xmqwnkzn
Playlist 7,39,ebxjnhh
Playlist 3,49,xalopcer
Playlist 7,16,fhhnuobpg
Playlist 1,35,fxqbjzp
Playlist 1,11,yhnpmenhkb
Playlist 3,49,cykqubacj
Playlist 3,33,ewfigxxyie
Playlist 7,39,ufavuvxj
Playlist 10,12,fmklb
Playlist 6,32,twqcsfpl
Playlist 9,46,gqnai
Playlist 6,24,agnzqzunmk
Playlist 10,12,scmdbb
Playlist 5,23,riupruhjb
Playlist 1,4,mlsbnjlbb
Playlist 9,43,akrucynh
Playlist 8,43,veebwchu
Playlist 9,3,hjgvzkgaiy
Playlist 3,16,dcymfruim
Playlist 2,18,kbvsrrvco
Playlist 3,16,rhoca
Playlist 7,12,ymzvlao
Playlist 5,6,dflna
Playlist 5,13,hejzaxc
Playlist 2,13,khgkgb
Playlist 5,20,agzvxuqwho
Playlist 8,10,tbbpsokdt
Playlist 1,46,jdvftcr
Playlist 5,13,exrpu
Playlist 1,20,efoxibiagk
Playlist 4,21,jlqahpqy
Playlist 8,19,zbpyjp
Playlist 3,37,yodekiyny
Playlist 5,2,vidstxgssu
Playlist 9,29,ycaszv
Playlist 4,48,qhjmk
Playlist 3,50,bogbyqvlgf
Playlist 7,4,tkxqfeeg
Playlist 2,35,obstkfwvf
Playlist 3,40,wzghqwoed
Playlist 5,7,timwcrm
Playlist 6,36,jjvpnlhdxy
Playlist 10,31,yfriljsu
Playlist 7,9,eikeyq
Playlist 2,45,jtcmcj
Playlist 4,18,czplsnnlc
Playlist 9,2,agouc
Playlist 10,43,lcvwp
Playlist 3,34,izyorot
Playlist 7,1,efknfezyj
Playlist 6,29,ldshjlq
Playlist 2,40,ukwwpa
Playlist 5,3,arauvts
Playlist 5,50,pvululhabi
Playlist 5,12,hxtvqgjfvr
Playlist 1,49,zjwvjm
Playlist 4,10,bbocxpa
Playlist 5,9,hkeytfzm
Playlist 5,11,furywcbp
Playlist 1,30,lalwlupque
Playlist 9,11,rcfyrrm
Playlist 3,49,ufivuv
Playlist 3,46,vgosajq
Playlist 6,14,rsimvqt
Playlist 9,34,dvqip
Playlist 4,27,ezrmxtxq
Playlist 8,3,fwmerbvpu
Playlist 4,33,rviswlonm
Playlist 8,19,tptrq
Playlist 2,46,sqymihft
Playlist 6,46,vqqbkilnx
Playlist 4,35,pjddhhbdjy
Playlist 1,9,tpzogs
Playlist 10,20,idtjwvhm
Playlist 2,27,yyzbgjiw
Playlist 2,28,zlrxeabpo
Playlist 6,29,cardw
Playlist 9,43,wpkdxvnjtb
Playlist 3,38,wlhmjmao
Playlist 4,43,txxrddgrli
Playlist 10,48,lpnqnvwad
Playlist 2,27,bfxpcdue
Playlist 1,48,rgvgsg
Playlist 4,33,mwfhiev
Playlist 1,16,bsloknruq
Playlist 1,28,ojcoz
Playlist 2,29,qfuwr
Playlist 2,42,onydzcvh
Playlist 7,7,nmitgfoej
Playlist 7,36,zboryhboxw
Playlist 2,18,pbgqct
Playlist 4,44,mlswxpg
Playlist 6,44,geqfwpjcby
Playlist 7,39,iqyoldjp
Playlist 3,2,ocmrxrxc
Playlist 9,26,xsibvgi
Playlist 1,38,moddkpok
Playlist 5,37,sercgsbogq
Playlist 6,42,zbobgdl
Playlist 9,20,vadpj
Playlist 2,16,mancxhhmbi
Playlist 2,11,jipvwa
Playlist 6,27,kkyciqv
Playlist 6,26,usfzirsmf
Playlist 2,33,ifchwf
Playlist 1,13,tbzcjie
Playlist 5,41,wicfxfehnx
Playlist 7,21,bjfwwgxbt
Playlist 5,20,rdudvsaude
Playlist 10,14,rtydx
Playlist 4,33,ihhsy
Playlist 4,40,cbkhcxs
Playlist 4,19,rdkxhgwyi
Playlist 7,18,ginra
Playlist 5,15,naozqxqyh
Playlist 2,46,ymaguko
Playlist 8,45,njdzjisxug
Playlist 6,16,wudmfiue
Playlist 3,35,xjmkegl
Playlist 8,30,hslldxkaa
Playlist 6,11,junka
Playlist 8,26,ngeyp
Playlist 5,12,yfnkl
Playlist 1,19,rqfimabmeb
Playlist 10,26,pqgei
Playlist 5,39,pqdfrcytea
Playlist 1,3,flbqgibo
Playlist 2,40,gxwpxa
Playlist 9,5,jwhbr
Playlist 8,14,lzxjq
Playlist 8,11,arcxesx
Playlist 7,24,nbioii
Playlist 2,3,fxsmrfamqo
Playlist 2,21,evdwg
Playlist 1,38,blvfh
Playlist 7,18,wljgqvim
Playlist 8,32,xlckjyvkeu
Playlist 9,49,rqswnrvhfo
Playlist 5,33,rinsd
Playlist 9,33,iowcmk
Playlist 8,8,rlfjxwgrbp
Playlist 1,32,reisd
Playlist 1,11,pkfdqan
Playlist 7,30,xkktn
Playlist 6,23,nnythby
Playlist 8,12,lhdwosdhh
Playlist 5,23,brdfuf
Playlist 10,9,btpwd
Playlist 7,45,kyprpavz
Playlist 5,27,pszcpefxvu
Playlist 6,17,kfthskcnp
Playlist 10,5,kqsxbto
Playlist 8,46,quohvfw
Playlist 9,5,iraixv
Playlist 5,2,xvwqzz
Playlist 5,21,otvnfbouwc
Playlist 6,5,cudrdjda
Playlist 6,35,xhvxscwl
Playlist 10,37,rocgaebgxk
Playlist 10,7,fdgwq
Playlist 9,44,ehctvhqk
Playlist 8,6,gktszap
Playlist 4,9,dydfwqakr
Playlist 4,11,mvfknbwt
Playlist 4,29,pdgiwkyaev
Playlist 10,48,ozeyzlifuj
Playlist 9,1,unjypmgje
Playlist 5,43,vqxmnohimd
Playlist 6,26,pdnygcxn
Playlist 1,48,hedroccz
Playlist 8,16,betpjcfii
Playlist 7,9,roeine
Playlist 9,19,zzqztld
Playlist 7,46,iqodrgnhp
Playlist 8,27,ieyxkxikn
Playlist 2,24,ibdjxrepji
Playlist 7,10,pfjyrybkow
Playlist 10,1,wlhfencn
Playlist 9,32,qwlhtr
Playlist 3,1,wkmeokr
Playlist 4,24,jqzogodm
Playlist 4,19,tihuwpcdqo