id_cliente,id_sesion,url,tipo_evento,metadata,tiempo_desde_anterior_evento
58,5,"HVVeUnEbG ",evento2,xo,400
42,3,iGZGGUHf,evento8,RPRR,419
14,12,qcGkGq,evento10,Pb,515
52,9,RGokVu,evento7,WpjM,19
52,9,Ukb,evento2,zSAD,444
68,2,kJl,evento10,kYWw,526
70,17,YRvcR,evento3,tIGn,583
61,12,uhQlZ,evento7,OVrI,598
39,3,ZSCO,evento6,jkXUY,126
24,8,QyRIsN,evento2,mocLo,420
15,5,vSUadpupd,evento5,qQzw,1
94,4,UfK,,jky,123
44,15,wILiyGHLEw,evento4,vOt,319
25,8,sdKkaXMm,evento10,"ygep ",551
27,11,sR,evento9,ucTH,148
43,7,bnm,evento2,uw,54
2,20,sDdhCVV,evento6,fd,329
18,6,hHnVe,,Kd,442
87,19,iOwReK,evento1,TVd,61
22,1,UdazyFSirS,evento8,Mgir,498
59,7,Ef,evento10,EEl,307
73,20,lijImVXt,evento8,xOac,276
49,7,sjvwDVdXWV,,XXIh,530
57,9,kkBEjKjRb,evento8,zJaR,334
19,16,ojBaihVXz,evento4,rU,216
37,6,uPG,evento5,CJ,522
69,5,eUZC,evento1,fY,565
14,10,QQHVYtZSW,evento9,mX V,85
66,9,djFG,evento1,Gr,411
6,9,DkNAg,evento9,yod,53
87,16,rs,evento6,GwtW,154
91,2,GdNbyYXxN,evento8,FKVBF,408
63,15,ajVzcxhWXN,evento6,xz,568
94,15,DQmDe,evento3,RxHcO,91
11,2,qzUgnE,evento5,gBEa,405
96,15,XPEWNur,evento6,zS,139
68,11,dxz,evento9,cq,244
25,4,KIOba,evento7,Cp,12
38,13,jqeFL,evento4,pO,404
78,1,xINFXv,evento9,lZeb,472
48,19,bV,evento8,Kppap,490
70,15,yaUsqtkM,evento1,Xtor,35
37,10,tzxEiFNG,,qLd,552
35,8,COCswl,,wv,556
65,19,iAzOqmCLWh,evento2,dFcrr,258
88,4,nzURm,evento10,mh,476
49,5,EafrdFBkvV,evento8,Glj,401
52,20,wAUgHGBe,evento4,"yEmc ",309
12,10,arLP,evento10,hc,403
97,12,nOQ,evento6,ls,253
47,2,RTjbZJPAt,evento8," mlx",356
3,18,fTFXTpW,evento5,ncyo,326
65,1,AOYdkj,evento7,Phyr,513
34,2,sWTBjJanni,evento1,GDbtt,51
69,19,hq,evento3,xRM,376
32,12,xBIEb,evento3,znqTV,159
87,6,ODZuTMvdgL,evento3,KlmWE,256
58,12,abmw cmR,evento7,pB,259
79,7,IaUHDOT,evento10,GrxRi,140
74,18,FqAeofJyOu,evento8,eJL,259
23,15,OtUqFlY,evento4,CWaQ,432
94,19,mkZZAzU,evento8,jZ,449
14,1,eiua,evento8,CgGI,278
43,6,so,evento6,hy,56
70,4,YS,evento10,oM,337
41,5,sqBq,evento8,EtF,450
43,20,wHL,evento4,fY,538
53,14,WOFRrf,evento8,onhaJ,50
38,8,Bv,evento2,gdXUV,149
100,18,leaJ,evento8,kPe,575
10,1,luz oSPRz,,srSS,202
79,8,HBI,evento3,fsDC,355
12,3,iWDSNqvR,,TteU,152
84,15,PTbFJ,evento8,SvJsV,100
32,8,bq,evento10,OJFOV,43
54,4,tZXlaWp,evento2,Hf,366
44,18,fx rhxT,evento5,tREL,497
92,12,UNy,,mMN,449
26,11,GtqWBPaT,evento7,keaQT,540
1,11,lrydLiDyw,evento2,Fp,171
37,16,KUFSQsFKFZ,evento3,llevK,200
80,9,GoUyjkC,evento1,IY  X,249
21,16,kGuMgvqz,evento6,vwcqZ,507
44,9,wHAycLSABn,evento10,FLX,271
64,11,uxqksy,,vT,256
13,2,BelMqL,evento6,yhvHv,114
91,13," RdpoWK",evento4,mm,448
21,3,SJvIh,evento5,Mmdpg,57
50,11,zFIhCwQrYU,evento6,dSJO,576
92,14,EjCaZtQ,evento1,MskWe,255
63,6,eCdjoG,evento5,uDQd,105
73,20,zHKXc,evento5,fr,104
90,17,KdTEe,evento9,QoFW,257
84,4,gYX lG,evento4,sV,514
72,15,vMmVjLY,evento1,IJwud,237
92,8,qH,evento8,QQ,305
37,5,awSY,evento6,gKNN,154
51,9,EXpRr,evento9,kO,200
78,12,tbI,evento4,arrUk,223
31,10,kyERRAG,evento1,huOQN,207
9,5,ucd,evento3,gt,283
62,12,SFh,evento2,PtvL,389
87,6,rdjnMHqP,evento7,aD,545
72,2,cGMw WIxQ,evento6,hJD,157
14,14,thxa,evento9,YcZnG,46
22,3,FQ,evento3,"dwkj ",171
93,9,udMeUu,evento3,bRayC,248
72,7,iSSRqVD,evento5,WC,427
7,9,geujcYUL,evento1,ueDsT,512
62,16," huAcVWF",evento9,XDbyo,544
45,11,hmXD,evento9,qhRL,98
36,8,RLOBoPDHx,evento9,xA,556
78,15,PEfm,evento1,cSRHy,27
69,5,DtEdDhcoi,evento5,fe,81
57,3,LvFBSKwkIx,evento6,XJ,67
86,13,ZZ,evento9,"SDnr ",212
40,10,hNLglt,evento3,AP,176
81,11,fYKVhAQep,evento7,ZYYJv,301
16,7,gtRqPbEwV,evento9,sBMWA,167
12,15,exzz,evento10,Yd,73
16,18,rYKZCQl,evento3,GN,449
79,13,qDJcua,evento2,L WG,30
95,16,jW,evento4,Cas,332
17,16,szcihzDBW,evento6,LBUL,377
86,20,AbosnJnjQ,evento2,hk,452
72,16,LunqY,evento6,bnu,411
4,19,wH,evento7,kh,379
48,1,uFN,evento10,Sqfu,196
100,18,YgbI,evento5,fxgN,203
35,10," EHqvMl",evento2,HWMM,280
59,7,oL,evento2,FxT,465
58,15,uDec,evento9,lvLD,152
79,3,ialjeNIxf,,ukGqn,231
100,10,CgWT,evento4,xaG,356
16,4,sB,evento10,ocx,484
50,12,hrEqXZVD,evento3,HbRNQ,496
37,18,YO,evento4,qa,320
35,3,Db rZlm,evento3,EAQ,247
87,12,"gYnC ",evento3,ji,452
44,13,glLtmRy,,qnb,511
87,8,nz,evento2,WPTGO,343
22,11,HhJUEZ,evento8,bc,378
100,18,bQGzj VNW,evento1,vn,173
55,10,NztETLqFxo,,qbGXJ,424
60,12,GQHPyTACyc,,XN,386
2,8,QouGwDcG,evento1,cMMas,31
5,7,PxmITIW,evento1,RI,64
53,10,H wHmGndgV,evento6,GAtvQ,459
12,9,liSBkAOFK,evento8,uRkwo,42
68,5,VKbDuWPKy,,BAxfi,533
13,12,RYdKe,evento1,Db,93
15,4,dKwySAI,,BP,445
49,13,mHsLJifJ,evento8,ckAxG,97
90,16,QsNSdDx,evento1,ZhtGc,523
95,15,jNgGxgYT,evento4,gsNzM,188
98,3,slhw,,KBJ,441
29,8,FR,evento6,iG,74
41,1,tgHmxslbNY,evento6,iuQ,59
72,14,QCeI,evento10,TTptW,20
72,4,XILpGUE,evento7,zwB,331
74,17,wp,evento9,Ocz,272
38,19,kogKtsAJu,evento10,HFSQ,541
3,20,uX,,J WN,66
66,9,sSmAsUN,evento5,mR,125
18,8,AMaOCkUzpm,evento4,eVOdM,69
94,12,qnt,evento3,aymPH,428
4,20,tdpNX,evento3,Ssd,144
94,19,ANXrDbmJ,evento6,dUVe,439
100,5,"USBs ",evento3,cy,53
48,1,lAScwuwo,evento5,ZQz,201
4,6,Lg,evento8,QkJCv,59
13,17,Ieno,evento1,ioEGU,359
45,11,Ozxx,evento4,WrcYk,16
83,11,Eh,evento4,Fldf,536
98,1,lzJy,evento3,YCIAl,93
88,15,lcPqZY,evento6,oZX,218
56,16,qxoUxhzRKb,evento4,Wp,265
51,19,r MnPka,evento3,Qgb l,331
98,14,cW,evento2,Pp,341
90,10,PI,evento3,wx,537
99,14,yH,evento9,Ifot,35
65,19," pIBsNdbA",evento7,DHRj,503
68,1,ZwjD,,YvB,178
39,2,iG,evento9,Lmf,339
66,20,nckANV,evento10,Yrsv,565
36,12,ES,evento7,TWvbK,424
74,2,tnSQCYe,evento5,fahF,60
37,12,mYYFn,evento10,ZdD,516
65,4,WDQ,evento10,RMj,391
64,15,Qi,evento4,"F ",262
32,20,uEoub,,aZgU,220
20,19,CtHYJ,evento4,IDq,599
85,1,XhkpBGzJc,evento1,BuM,130
50,6,zrfqu,evento9,mHfJ,227
91,6,svYFjitbkZ,evento1,ZdX,52
16,2,uTzdbYK,evento8,Uel,473
39,3,yrcxMKWKN,evento6,PzCsB,403
10,15,GaM,evento7,Znp,109
52,12,XWXrNPKr,evento7,wyLr,280
62,13,OgFz,evento4,EGt,45
31,4,IsneMx,evento7,tD,189
14,2,etbI,evento2,Uzz,489
71,20,DYJTDsh,evento4,vSd,433
48,13,pak,evento9,euJe,573
76,11,ACOs,evento2,DngG,208
39,10,tDu,,ZtpA,558
61,16,buJJZQG,evento6,FLkbj,391
39,3,OyRsUJAzN,evento7,mLVK,442
86,6,KPmiEj,evento1,hPk,60
16,13,ae KCE,evento4,dZBdm,53
72,11,eKan,evento7,TRSl,391
68,4,jnwLX,evento1,GB,465
6,19,eoNzBHAhuH,evento7,zIGBS,470
98,1,hE,,HQWaU,581
71,3,YiLLQOkIGR,evento3,AdXU,521
38,5,OM,evento5,MOZ,9
62,4,JvhxGk,evento6,TuUW,228
22,19,zoVqB,evento5,MIt,124
83,15,dbNDD,evento1,dIn,4
90,5,TdqJiW,evento1,jn,369
89,20,ZC,evento9,Ns,552
15,8,Jg,evento1,AB,3
80,12,DKIK,evento3,XiPE,302
42,15,S gKx,evento9,BcuJL,466
90,15,QCqH f,evento8,key,95
28,10,gagWaKV,evento7,kPAQ,66
39,2,TzKLPpVND,evento5,yN Ty,359
56,1,wKmSH,evento6,bJ,350
50,9,ZwdGBDAJc,evento3,Fd fh,490
16,17,zsHQj,evento3,GfmK,495
28,4,MqOuBpQUr,evento10,zDPdQ,537
91,4,HlrRSA,,huJf,351
24,2,SJNaTF,evento3,iWUNI,237
72,13,aH,evento4,NHLi,567
41,8,"IbbjH ",evento2,lmK,329
15,15,UQGTpZjxP,,ngJZe,365
98,11,mKUYwkQVN,evento1,WSnw,119
18,14,TAZbMeCHLG,evento5,slV,517
8,19,zzGOC ivYO,evento1,QYj,506
68,15,RyptW,evento7,Sdhzx,488
75,1,oJKh,evento8,Ws,224
36,7,XzL WsHeF,evento7,vKpy,72
87,10,"qnzZUJ ",evento5,clVn,184
24,10,xFGZmi,evento2,wVfK,34
1,12,"gWZZndqA ",evento10,to,487
18,9,khY RCp,evento9,qMs,574
39,14,BCYT,evento2,Mbc,441
9,4,QKP,evento9,beR,323
41,10,aoyQmO,evento4,Jh,121
34,2,thIPj,evento9,M nJ,306
61,20," bIL",evento1,OH,138
29,14,nWLFNqzhs,evento8,BuC,344
12,14,"xMpjXJ ",evento2,NNN,122
53,17,pDpMp,evento10,wGhKK,583
67,19,aVyugCDm,evento4,auJI,503
31,18,"LjnvFBja ",,pL,294
7,3,kH,evento6,iu m,459
85,7,yChakZV,evento9,WtFXF,475
94,17,yrbYaXnf,evento7,"Hj ",429
78,3,VKvTJNHnJc,evento4,SS,305
1,13,fTezuQwsZ,evento1,yVPq,515
7,18,ROsTMaB,evento4,bK,78
57,9,pxbn,evento5,DYoIm,484
43,19,oXfwhIB,evento7,mAz,47
64,19,iYdIQwTABW,evento9,kI,330
61,14,kU,evento3,Iydmr,28
50,15,gkkxYMbd,evento8,uLD Q,117
11,5,cwoichQas,evento4,Fbd,116
77,13,XyACdZJg,evento2,WX,436
2,3,OZNXvPg,evento9,Io,204
20,6,Jnqs,evento8,YIYu,520
61,12,XScHEwwh,evento9,ICeXy,83
97,20,HmFnN,evento3,Py,93
81,4,oAns,,"Hnrz ",369
35,11,rosIaNuWdh,evento5,MqEdc,19
3,13,qDdWGjY,evento9,MVlQz,205
61,15,YRIIbSHl,evento9,XPl,240
27,9,wynnvbRxHl,evento6,sqBI,426
63,5,Rn T aIaY,evento7,dc,257
7,18,Ne,,Mtmy,341
78,14,oJBvmAEAY,evento10,vZ,321
50,6,lLn,evento10,kFz,222
82,16,SzIQmF,evento6,PyA,175
63,1,momkjg,evento5,ofZ,260
95,16,R ATjhTxdn,evento5,WpSuG,513
29,6,"ql ",evento8,ESK,325
19,5,MxSDVRUKpr,evento6,IbyJJ,426
83,3,PKtUG,evento3,Mq,57
69,1,imZP,evento6,Fju,356
75,3,yYRclqMQI,evento8,jCd,574
5,11,zb,evento4,XD,236
64,2,mXdx,evento10,AJW,316
37,12,XvsuUQ,evento1,SsrPa,553
49,13,CtXOHCaqFV,evento8,xUc,318
18,7,jt,evento6,ryFxz,273
9,13,NNXAMwSUHY,evento10,ZDswv,288
37,10,RVSOw,evento9,Lx,56
38,18,igTKaro,evento7,FUO,45
76,19,JNDl,evento8,HI,599
51,5,hw,evento10,LF,507
34,13,PuRQcVXJl,evento1,XsmBv,143
32,4,ZjQWRREY,,lmK,227
16,2,CvorEGs,evento5,YWne,535
94,17,TBINAkg,evento5,xH,218
24,13,crgnCB,evento6,psI,598
3,15,rQKmPQn,evento3,JFSC,388
96,16,vqdPUaxIoQ,evento9,Hpif,489
88,10,TMjJYRvDK,evento4,wtb,424
97,13,ybmmU,evento4,lwIQ,6
40,3,BVkxz fd,evento5,asZDZ,393
3,3,BdsK,evento1,"d ",569
61,9,TGYrFgnIkC,evento3,Vot,27
41,9,LfZbJd,evento4,IjglU,259
98,4,Jr,evento4,kPgtn,143
13,10,DCbX,evento2,qa,136
83,4,pszObFaN,evento1,sM,67
85,18,LhffZmD,evento3,WW,465
1,18,sXEjNQJ,evento6,Ii,193
94,17,MhQPsy,evento6,LlHQU,193
58,6,"SLgW ",evento5,uW,20
41,16,DRoCHIo,evento2,UdXQg,470
41,1,kMDk,evento8,iGO,433
53,7,HBdpu,evento2,LagG,41
79,7,HNyHlfPzMF,evento2,LgRTP,15
91,19,fFOXAP,,hhU,145
89,7,vgl,evento10,Yk,353
75,19,zrccT,evento4,PXX,32
22,11,KIi,evento3,DZ,9
77,16,gcKBZ jI,evento7,vbH,86
18,1,SU,evento3,fr,428
56,18,"LAwkYi ",evento9,hk,449
68,19,DXbsAXhDhT,evento9,nCZn,395
36,16,DuHX,evento10,kkZdG,140
96,20,SGmpwxFBH,evento3,OaQHv,203
23,6,vY,evento10,Iza,226
15,16,ztFSc,evento10,sHUYX,234
96,19,CWNvbcHkUy,evento8,xOOni,79
17,20,oNDHfNSUPT,evento10,jm,276
46,6,QQq,,EMJR,15
94,1,UzRx,evento5,VfDQ,35
93,8,frXljk,evento7,mBbC,425
37,13,wPlL,evento2,dWbFk,145
67,3,sfBCeCWbE,evento6,XfFFR,116
42,5,ub,evento6,ago,183
62,1,UjmfoeCE,evento3,pwVE,464
6,15,CUGoCpRVzN,evento10,oUYR,226
12,4,us,evento3,pcm,210
43,1,jPI,,OWrGC,489
18,17,SCadqLHzf,evento7,rLcd,473
45,9,iGZK,evento10,CLHer,71
15,11,kWOm,evento5,eqV,240
20,20,wunvvUw,evento3,uiD,505
96,1,uEcbraw,evento9,uPLcR,8
98,2,CGPolQkWY,evento4,txf,510
66,12,CgdFPp,evento3,kDE,26
13,4,zCxedxp,evento4,oOgA,556
33,17,HtQad,evento7,reXk,31
30,15,SoU,evento10,Mo,118
3,6,dEb,evento4,KpXoK,421
66,1,Zt,evento2,ddLh,78
82,8,nJMO,evento9,USTO,25
58,10,IoQO,evento7,UN,513
94,8,pv CRae,evento5,vW,302
66,5,QbnKLlFw,evento10,OR,350
44,16,"Nk ",evento6,Pdvk,99
89,8,HYhOzfUlog,evento9,dLpMg,164
45,17,sM,evento5,K c,368
56,7,WCpAOjnVAP,evento7,fLcf,506
96,2,RAVgYwQ,evento2,spHbW,584
34,5,aaXv,evento3,LOX,229
88,8,pP,evento9,QoHlo,297
54,11,quAd,evento9,whxm,226
69,13,EzEs,evento4,iA,578
71,5,HlbS,evento6,Dx,545
36,3,STvG,evento5," m",183
1,8,mLFIhM,evento9,FCqG,183
85,10,"UEiPyd ",evento5,MC,114
55,1,os,evento10,ds,469
92,5,pzhesN,evento3,VtZit,225
66,3,sA,evento5,ohVf,270
52,8,JlLtRyc,evento10,rtVB,6
23,19,GTlh,evento1,qFaLh,229
88,17,lvA,evento9,zFx,142
10,13,FkYzTeEb,evento6,QKi,133
4,10,RZTPA,evento6,eWYzT,372
59,15,bSNgw,evento9,XRK,526
92,3,kmDOPpR,evento7,fVYS,137
13,4,tH,evento8,ny,200
78,3,MHEu,evento6,zM,573
20,9,uYVGXCKy,,hhpc,74
37,14,p wvAbfF,evento1,PM,100
2,19,KSl,evento3,LgPDM,488
17,12,KQ,evento9,CYC,238
96,11,UBqG,evento10,LX,123
60,13,FT Vdjt,evento8,Wsw,310
30,18,OdDoCw,evento6,ZeQdk,1
73,18,mFbLERoxCV,evento4,gMwa,426
43,14,ULpCdGSDB,evento3,hmNU,214
36,5,DI,evento2,Vz,331
40,9,StCQtDBHs,evento10,ddFv,210
44,17,raSAz,evento4,Hlv,520
19,4,jGvIst,evento8,blwX,414
4,12,CoEa,evento3,kbx,164
21,16,yCRNlPT,evento5,ZDE,285
91,5,PwNqmdk,evento3,bnf,183
78,3,iIpdSnocR,evento10,uzHxz,126
54,18,GwaHig,evento4,NXhtR,152
91,5,IIUYJwS,evento2,BtWv,558
11,18,rlzj mvujt,evento5,Ot,113
47,6,F Ys,evento10,pCZvV,319
96,19,puDkgWYW,evento1,rQN,292
83,3,ZzF,evento9,yF,95
17,2,vtcohpb,evento2,uBO,525
89,13,wSaSjSxScy,evento7,rhDCk,300
15,12,wgMbXKmMZW,evento1,boV,228
100,19,DKMDRAiSa,evento5,htVyK,117
10,14,SynUJH,evento9,Anf,70
1,9,NfatsC,evento4,jQlq,109
62,13,uEjbUN,evento5,VNsZ,98
93,10,vF,evento5,uP,352
35,9,jxCGvCO,evento6,Jeeaz,327
95,11,FyxmUQdhD,evento2,izO,388
97,6,PzKR,evento5,elT,343
27,16,gf,evento3,gic,87
89,19,ofbMP b,,oI,520
55,2,HpmZWClmv,evento8,mk,494
85,16,hS,evento5,BGiCc,458
1,7,bqlCQAg TT,evento10,ItybY,113
62,18,yhzznZFHd,evento7,xb,96
53,14,Pr,evento3,CchAK,388
93,9,Ctp BJx,evento10,jl,170
39,8,Rtlo,evento1,sE,178
27,2,APRGijwb,evento8,DjXv,594
35,11,WgIbuSKGlP,evento4,Qxk,537
44,1,xWQlA,evento4,xQttR,506
89,4,qPM,evento7,qJ,193
27,12,cOtzgNEnjG,evento10,yib,167
65,11,qEbMzwENvM,evento8,ZMocC,172
2,15,opTFbM,evento9,PYPJE,588
52,4,GaAtIsNFnj,evento8,sxUrD,109
75,1,xGLJTmSqF,evento10,RMsNI,492
56,17,BpqFYRbB,evento5,kC,172
34,5,qb,evento9,YRDi,357
30,6,MrBg,evento4,qB,452
70,1,sQFOc,evento1,wcOIU,121
51,11,nJsIVTUGi,evento8,NcZdN,334
47,19,ua,evento1,eI,216
48,13,hTSMj,evento4,HWcH,400
42,17,hYffBVoM,evento5,cpg,402
58,15,kTNoANtB,evento2,lrBo,324
34,7,AIZ,evento4,VQ,576
24,14,BEuBRtmiLm,evento1,RR,538
12,5,IeKzYJz,evento10,Mq,72
94,15,oJTV p,evento3,pDqy,576
71,2,QjhXA,evento4,cVs,396
60,5,Mpjyiz,,Klhz,579
93,16,fN,evento10,iTgo,62
29,14,MtHCvj,evento10,Tua,17
88,14,aLC,evento2,gnhar,468
10,12,NCAJ jsG,evento7,"RjIM ",162
62,14,FOsVO,evento9,zgSr,39
99,7,jU,,cOvJ,166
100,8,aWHaZo,evento2,yg,442
80,10,xpGM,evento7,aAPS,381
42,20,TcjqFFYp,evento3,aa,315
59,14,uIibsWBDL,evento3,JVhx,566
36,3,wA,evento3,IgxOh,36
70,17,XCyWPQtG,evento3,DRKdS,442
32,16,dHfvag,evento7,GZ,7
86,1,Zwp,evento4,pE,160
94,18,yNO,,GOU,263
55,12,vem,evento9,MibGe,164
18,19," CeJiBxqr",evento6,JeJ,52
18,13,HgUnb,evento6,nbSC,481
64,8,NJPwwyoJAj,evento9,aD,77
99,10,daYsrfOYh,evento3,ntzzD,325
67,14,XrKiPTxTSl,evento2,fSK,209
8,20,PHuXGsEE,evento7,Pv,173
43,4,GoapCQZmqa,evento3,aiN,467
53,19,DzAvgVHDTB,evento3,TNyx,426
64,9,qyNu,evento5,qFxhR,346
14,19,ytISPxkTdE,evento2,OXv,493
3,16," R",evento10,ub,543
68,16,czLriLla,,Xpi,169
70,10,etGfHohZxi,evento7,ERw,517
86,4,eGQ,evento7,TlcSP,435
37,18,byuHnqP,evento5,vzVZX,230
97,6,afHztESXZq,evento6,Kr,403
12,7,vVQFOSwJXA,evento10,dN,505
89,16,JVJIl,evento2,NXHyt,106
26,11,BEqh,evento5,kXtS,72
98,13,OpYue,evento2,jEw,484
66,13,SjXg rXYQJ,evento3,dKo,347
92,13,xKx,evento9,nq,562
91,15,WIDRjcTTPQ,evento8,kilZ,167
60,4,iKHSx,evento3,EFgF,142
38,7,oZUDJMxTRU,evento4,Zvuxt,428
40,19,pfiCjwM,evento1,Dfj O,526
53,13,Lpi E,evento9,GsaT,49
63,7,KMla,,on,453
78,17,gj,evento9,lPxjl,164
9,14,gQSo,evento6,xnpg,10
97,19,"H ",evento2,Sv,51
79,4,czRdwANtLe,evento5,Gh,30
84,9,LGUt,evento5,sMMhu,154
70,18,nNaLJtHmk,,Zv,74
38,18,up,evento6,KWVTX,201
53,3,SHFCCIacJm,,hcC,399
78,6,gGEpEenWe,evento2,Lvp,199
77,18,SCh,evento3,"DuP ",149
90,7,gLOQvVElW,,od,299
74,18,aJz,evento8,RQU,90
58,18,dEYHv,evento3,oXhZN,106
28,9,BJ,evento8," utU",297
35,15,RzNhFne,evento5,TG,28
58,9,Akgw,evento2,KOIqp,255
77,20,racCC,evento4,pYpnz,466
81,2,wSAhqu,evento2,HRjaF,289
91,7,"OPL ",evento4,YvG,542
81,14,UliOwfQ,evento5,IjjHl,457
50,13,zxQTzI,evento9,fT,258
56,1,RuacMoWAC,evento6,nwBQM,579
99,12,SPCUrYNdF,evento10,gDnvI,320
4,11,lTLWSqjkll,evento1,BC,538
34,10,DlwklHc,evento9,KtP,398
4,19,VLnFd AC,evento3,Csqb,324
98,2,hG,evento2,TWD,292
51,15,iRXedwLbc,evento4,bAq,584
26,8,GTrg,evento9,Hcp,390
99,7,bLv,evento4,Yu,462
39,4,RZVdMiQu,evento5,GcQ,512
66,20,VbCh,evento10,Um,191
56,11,anCTiMhlsB,evento9,HlW,413
62,5,GTlya B,evento1,Hbh,108
55,14,rMAHsjNi,evento6,Tph,126
10,5,ntY,evento2,ANG,15
82,15,wntbwg,evento4,dzk,567
81,19,vdBYcIqj,evento7,Mkov,289
35,12,ZlZtHRfSYB,,CbLu,40
20,1,fpSTbaONR,evento8,Ceh,397
64,5,yYXlt,evento3,MV,551
48,7,oVCcgKYIha,evento10,Qs,333
64,10,syRRx,evento2,hM,383
50,5,FyMxPRNMl,evento9,IwL,100
74,18,EyYTPZdO,evento4,ToXgt,129
58,14,oU,evento10,rhmVx,89
59,2,CD,evento10,qxc,251
45,8,iK,evento2,mtDrO,175
64,1,DBFEIYGbRl,evento5,LF,450
49,17,egDAGuvZQF,evento10," t",244
72,8,Kd,,aSG,154
1,17,iEtwjjFc,evento8," Ti",384
58,15,nQZ,evento5,PEFt,135
28,16,DQSWZOS,evento5,TGHoN,29
98,18,QJgLqKRJ,evento10,ip,301
86,14,BIzs WP,evento9,jkM,186
7,5,MCQxMrEahx,evento8,BSHb,512
81,2,Rknt,evento10,tJOV,574
71,1,Um,evento9,EdAP,166
40,8,GlCICEK,evento3,sK,265
32,20,zS,evento8,wT,380
18,17,RPCjQqfJW,evento6,CMV,419
55,3,gv,evento9,poPWl,404
20,17,Ciyde,evento6,DC,176
40,20,JFp,evento10,vhO,178
4,14,sh,,fmNV,568
81,1,QncNCIHz,evento1,tR,433
46,11,rcDo,evento9,jFr,288
23,15,QFe,evento8,dzWC,257
21,16,BEIYkmF,,Sk,65
96,1,Pfykvp,evento4,bU,65
45,7,"j ",evento7,Zy,233
82,3,nCCWwk,evento10,Qo,383
73,9," ObQ",evento3,TDv,468
80,8,tvUhSaXHf,evento7,WD Nw,107
74,16,Jkp,evento9,Ar,370
9,6,pxU,evento2," Z",168
9,16,QdwLZrbTv,evento9,fXvz,443
54,11,ENHTC,evento4,MOekv,593
24,9,W hW,evento2,grZo,165
13,3,QfrZEbHqP,evento10,rfpS,555
87,4,CMY,evento5,stQM,502
74,6,fdYwh,evento8,RAO,379
15,11,dDhcsOCXwc,evento3,kE g,551
63,10,oy hSg,evento2,Nc,65
63,2,jGwA,evento3,KbWO,236
97,8,kmu,evento5,Ikx,578
56,12,nLqUrVFle,evento10,zO,547
56,14,smvtEk,evento3,GN,100
49,6,pIElPn,,FDUM,363
88,1,zsetfh,evento10," Y",346
97,10,ypq,evento9,uYUK,134
83,2,FP,evento1,XXHV,589
15,12,dvEGuALVAS,evento5,UJuxK,492
84,12,owNBBPwG,,aNqzS,352
59,8,BfeRzoN,evento4,bEVHz,364
31,3,kx,evento6,slWn,478
49,15,BYHaPhWZec,evento4,Oaeyq,370
33,13,dNxAcVAn,evento2,kB,285
96,11,nsVgD,evento8,"YhB ",29
75,7,ATUWSL,evento3,Se,268
78,20,qVTFNk,evento5,Vpvh,103
44,7,UrTs t,evento9,LRGGO,285
22,12,cLGU,evento2,rshjD,291
100,15,Vv,evento8,BlF,420
12,17,FU,evento7,sI,411
7,15,AruXD,evento2,rs,484
23,12,ZAGYgr,evento3,hOX,487
94,12,AtIUkA,evento10,TNtlW,238
85,19,zo,,WdF,158
80,11,Tu hSpCt,evento6,eGy,231
31,5,aLTqsLlP,evento8,aDafS,294
36,15,Skaap,evento10,JY,207
18,9,ZFaVZJX,evento3,Jf,415
59,18,INWcug,evento2,mg W,340
65,18,rGTtCXIxL,evento2,qNqvy,67
52,20,JP,evento2,eNoP,82
22,6,TYu,evento7,SCr g,175
48,3,SwYSgriGnY,evento1,ocB,245
47,13,jguwTcZ,evento9,cF,258
77,5,deziIQI,evento3,ILIH,64
82,14,DapxVRXTPD,evento10,ZYzHN,455
98,11,Xw,evento1,JqEd,58
51,9,ttiPUjfr,evento4,UocZM,116
7,14,mPVJtXi e,evento1,NlCJU,495
54,5,qGmm,evento2," N",48
87,10,SiPnnoX,,eM,204
26,15,AEeOVXtexM,evento9,aeB,278
52,10,QVL,evento5,HJ,113
86,3,LCWwIMuyoU,evento6,toTjE,438
50,4,rx LaE,evento7,lznxq,130
76,15,NlBL,evento10,tz,260
61,5,dpSupSUlUJ,evento6,dSU,305
24,7,FjQr,evento1,yPb,499
19,1,cE,evento9,E L,526
60,16,DJyA,evento5,hYb,127
89,9,UPUedUHa,evento6,reek,296
56,1,aPLJONs,evento1,Mx,117
5,10,LO,evento7,YnPMK,341
69,13,ueW,evento4,XqRJ,437
79,17,bVDwbPUc,evento9,prR,82
4,3,rkGlYf,evento3,RXw,205
90,13,KA,evento8,RUPz,109
75,17,RL,evento4,mFL,90
47,16,iSWXXiQbkz,,pWJf,103
80,8,MMS,evento2,WumCy,409
25,8,dOyfrmw,evento2,RF,534
61,8,NLa,evento2,GFmR,519
52,16,oSRKLsKG,evento3,dg,193
46,17,"I ",evento2,Maay,133
49,10,YlMTgzCe,evento1,u O,61
96,15,CMC,evento3,NKqy,319
47,10,jrFtluS,evento5,dv,224
95,9,fsqQc,evento3,Xj,385
3,2,gQ,evento2,xAD,583
86,10,sZGfhLuchu,evento8,uvTRk,33
80,16,jTdbqC,evento9," c",224
5,1,"jIh sEQBW ",evento1,sk,496
62,2,vUi mb,evento9,MQrf,475
58,14,BvPA,evento9,weDxK,582
44,9,SfKbHAFJ,evento2,Jp,206
93,11,kZgBCOuI,evento6,UK,445
7,3,Y AfBfj,,"Yl ",379
72,4,lX,evento5,uGP,134
4,5,kJgQvpDfK,evento7,V Rgt,568
64,11,QfescLIxp,,tLvu,135
97,16,RmlVgMi,evento3,cs ld,579
10,5,WmXi,evento8,rZDT,525
83,5,ihs,evento8,PK,43
12,10,lIWHvGIKDi,evento1,un vw,256
23,2,sT XTcXo,,Pb,85
61,10,iN,evento2,FfTuz,38
10,13,FaeG,evento3,boT,326
17,18,gYdqiXTwu,evento4,Mrkp,88
6,9,EEEXUffqp,evento8,qzx,438
5,17,yqFyog,evento1,Xbhd,597
97,12,RoQfvnqwS,evento2,BkY,81
100,20,JZEq,evento9,Jb,557
54,18,AZqv,evento4,SiTvt,303
60,6,igW,evento8,mXd,295
73,18,hT,evento7,ivD,254
14,9,kXlgdI,evento3,hVg,92
18,13,in,evento1,zW,245
31,4,NYCrEO,evento7,Mi,511
8,6,rMRYWC,evento8,yBG,311
12,6,lZTpQil,,lI,361
18,8,QEgGobW,evento8,ymviP,195
50,12,HABLeJp,evento8,Agsoc,513
29,9,SgGuuNX,evento7,db,262
40,11,JeeInNGaH,evento2,XA,200
3,4,mOnQnJPr,evento6,zcz,366
75,12,okDJFtSBiw,evento2,xL,61
53,15,xrNx,evento2,xiUS,382
94,9,xSXe,evento10,FRS,587
52,19,gLB,,sP,77
81,14,MXoNISNmXS,evento8,iEN,206
93,3,LanfaMm,evento8,dS,92
84,4,GXm,evento6,hMXOM,256
30,19,fT,evento8,xQUUA,461
38,20,fTWdSLJr,,ViZS,329
55,11,mro,evento6,YooRT,232
98,3,MMqGTIv,evento4,NYC,218
39,5,LGwpk IpGG,evento2,Za,75
37,1,MkrNz,evento8,tyHt,438
73,17,vaQXS,evento3,Glh,242
75,14,"Bphp ",evento4,sRC,27
33,15,GsudSszvZ,evento6,EjQv,326
64,2,Yzl,,oZem,365
54,15,SchpQCGd,,fH,388
2,3,UnfKF,evento8,HhbK,417
74,10,Bls,evento8,AJI,300
65,5,sAPCyQvSki,evento3,Nyi,83
55,6,HuhwQXsLv,evento3,De,595
2,16,qBNJSvVNR,evento6,pFBP,174
67,14," upkzG",evento7,Hd,259
47,19,HXoNLNnFTH,evento2,mjNrw,110
14,10,NPoeaV,,lxlkJ,551
55,15,CY,evento7,pAxYT,137
91,7,NhXJgC,evento1,IUma,347
18,17,bwUuTVHHtq,evento7,usDbY,312
48,13,dVvmsvdW,evento7,jL,180
5,8,ZL,evento6,UMaxh,464
8,19,NnAhN fKI,evento10,db M,362
27,20,VcmvAKZ,evento8,NwoY,76
92,2,UepvrDI,evento1,chI,463
23,2,lAl,evento2,AZsTH,45
69,16,pByhXpcI,evento7,Vpxa,430
98,3,N aiq,evento7,BuNfq,70
24,13,JOnGmcYYir,evento9," B",271
23,8,bE,evento5,gvh,415
6,20," m",evento10,uMK,266
34,3,CNbFBGggPz,evento1," tsDO",158
51,18,LqlkxZi,evento2,QPb,527
31,18,E rkVkTL,evento10,HFU,165
99,7,ODPXrJEE,evento6,wLzF,341
35,9,Lav,,byhX,199
35,11,AngTFHPU,evento4,sUyzX,90
44,7,NIL,evento4,jjz,331
8,5,hHBPJ,,WAnJT,17
31,4,cSYEDxIY,evento5,LTs,196
50,12,MCsHtXLzB,,keALk,87
13,6,nKMZMrG,evento1,ZTwd,129
51,5,IBvHdnHmhk,evento9,ugm,397
2,7,dYmZB,,xp,88
15,7,ATnCq,evento8,LPjJc,239
68,3,vd,evento2,LjtCG,222
22,7,FK alZfyp,evento4,"i hn ",9
85,14,MaYUPcuDp,evento6,CP,74
68,16,ZvXyEPBG,,IwDz,60
1,20,KVHwHsaa,evento10,Ux,133
36,11,nQOCgAmoa,evento10,xCojW,466
75,19,sbyS,evento3,wI,167
53,14,OxHAlJlzUB,evento7,KchOb,353
60,14,xMFqSyoyX,,dylF,194
21,14,zvQua,evento1,iJpTy,489
98,7,ukPeza,evento1,saHB,197
63,10,VtyoVRA,,SLkG,512
45,4,mDr LoCZs,evento6,GjT,31
58,18,usl,evento6,Yu,585
49,5,MFxzBcr,evento8,nu,1
34,9,SCD,evento7,hVyRs,428
70,13,fWmj,evento2,Ln,291
18,20,WABMgzTyvE,evento10,XstR,526
41,17,zFFAOZNCER,,OkjJH,341
38,6,nkbmmcHAGn,evento8,RtRkV,467
81,7,QZPeTr,evento7,twea,388
81,8,cVqcHHcpw,evento6," ahXS",424
84,11,WttJQM,evento1,vZ,175
42,7,NIKF,evento5,pFje,123
6,9,Ew,evento5,vA w,452
54,6,CzkFTQx,evento2,eATE,354
68,6,pCqgZCSloP,evento2,hogIA,107
18,16,dIFzUtMqc,evento2,MnI,484
88,2,dJOoz,evento6,Zur,155
48,12,sUTfyjdCB,evento8,lMm,97
93,10,RsxY,,pUJrS,592
36,10,pP dhh,evento9,QUS,376
79,11,D TEnSYJ,,RaA,283
73,13,JyIBTMX,evento7,pnwj,490
10,16,BMsvOCB,evento1,HL,170
43,11,aztSGRJVF,,WDtQJ,236
49,2,qMXXrOphpr,evento2,"MfMe ",270
12,15,McfWuJSyMO,evento9,NKGkt,452
69,3,dlqaEsm,evento1,pdLV,66
8,15,qimU,evento5,GmYhR,334
24,4,iXC Bu,evento2,fDLYf,112
8,13,duzPfP,,GKy,189
61,3,SccOcTx,evento7,vTX,132
47,4,lyFpnoFTU,evento1,ST,207
71,16,RFmrAQq,evento6,Kd,538
85,14,FhSyjlZyl,evento1,MA,336
86,12,QS,,rj,481
19,20,HcF,evento4,lYxXE,369
87,10,XuEgE f,evento8,lJ,272
85,13,ItpvEYmfIN,evento1,iMB,53
91,5,egnXzL,evento5,Pem,155
24,1,jHEqN,evento3,iIdFN,569
68,15,zknsj,evento1,LPQqd,273
63,12,CaEzo,,EHuY,46
72,14,ndduAgjdib,,IHV,245
5,13,pPdubR,evento1,VtwWR,300
30,18,wNQjEtnNcP,evento6,uIg,149
34,9,zmZL,evento4,SPhw,123
28,7,KjOO,evento5,wi,254
56,4,Hu,evento4,"Ys ",476
71,10,xtz,evento8,eTCNH,285
74,9,qDUvQ,,wq,238
29,9,pzmnNESrD,evento6,uXrQ,230
69,8,ukzRUHu,evento7,EjqxD,41
20,4,yxid cSiA,evento6,utLvh,285
80,19,jr,evento1,GzfVg,590
21,4,MLwURwO,evento9,Xrp,495
65,10,jdRRFNvjM,,kOjv,153
32,1,yXBjxccmMh,evento2,BvK,117
59,7,Lubwy,evento3,EAk,255
10,3,XHqT,evento1,BGc,298
48,6,awAxTmSoNg,evento3,MYw,290
49,7,yDxKvkk,evento6,RFT,294
98,15,pwRCI,evento5,UBBS,526
19,10,Hb,evento3,ZVHDH,256
89,17,GTLAYp,evento8,OQgE,515
9,10,tbNI,evento4,Sd,231
58,9,CLJMP,evento5,oZF,345
84,19,CNOKA,evento5,ygZA,316
17,3,CfL,evento8,kIt,2
14,5,jNgvt,evento5,FT,94
85,20,QKxhVKd,,PB,210
30,13,QK,evento4,lA,138
92,14,VZTX,evento10,vVz,290
15,16," tlLSAosBT",evento1,seQg,364
19,20,nBNsXxGaiF,evento8,zTUCA,266
31,7,nmrv,evento7,Vp,310
53,5,nDZOi,evento8,ycEJ,69
11,17,Nj,evento1,SIldF,527
21,18,xuXMUUi,evento4,Rwa,310
2,7,Xbdp,evento8,GwpK,255
99,15,GUeeD,evento3,SRCj,345
33,9,CwEaF,evento6,TESaj,267
82,7,RqffqRHCH,evento7,jrA,71
78,9,hPtGQQYlf,,oB,174
30,9,AjWyzfr,evento5,Wni,270
8,10,yh,evento10,LDA,394
36,2,vDpeIhBIYQ,evento9,eEa,390
83,6,rgiZ g,evento3,WNHy,584
26,17,SjblTTdMrd,evento3,Tlq,492
69,8,XdAKnAIxdP,evento9,MD,394
66,11,YUTwhQuN,evento2,EwcG,26
100,15,WqyNkbfuU,evento2,ZD,108
54,6,ExvAU,,nR,419
4,12,ijnCdooQc,evento10,Esc,106
13,20,ci,evento6,kan,227
16,13,idxQmjDyg,evento9,ZpL,556
78,18,dSYNLTDZ,evento7,urgo,580
3,1,QRps,evento6,Qz,66
43,18,zQe,evento1,aVYn,357
57,20,TAh,evento10,EX,112
97,7,sytkSZf,evento8,Zhme,198
69,2,OsSUSXFpJ,evento1,FmG,529
99,16,MD,evento5,yS,245
92,19,gYnzKuUODE,evento2,gEi,492
71,1,PHL,evento1,KgT,457
69,3,OS,evento6,DarzN,259
20,8,TNylq,evento8,oGuCt,78
79,1,svFC,evento5,DAy,580
76,8,CTbVZcx,evento10,UREha,417
73,11,UiEp,evento7,ii,22
76,16,LJqhB,evento2,fx,426
85,13,KgIFvfgSld,evento5,ASrD,548
75,14,Q B,,EiON,397
79,13,vhC,evento2,nfPm,89
36,7,FwREKVl,evento6,NY,143
11,6,gmiXkyCXaV,evento4,pWYP,58
50,20,WWlCIDHh,evento10,HRkwC,65
13,13,qvgqJrAla,evento8,WU,338
35,3,tkzEp,evento4,GMSEf,31
43,9,TiM,evento10,FZWTq,348
38,6,lap,evento3,tC,21
52,10,GpRr,evento4,IUyFB,218
34,9,"mW ",evento1,PLVMt,347
80,16,FNE,evento7,baWzX,233
99,5,nFBRWUU,evento6,eYHun,419
28,4,"L ",evento1,xIG,310
33,2,gJwkmEC,evento4," t",13
32,17,DKjzta,,UQDbz,140
28,20,"hb ",evento4,NZi,365
96,8,UJRZ,evento7,FVm,95
15,13,bVWNRW,evento2,EqVv,111
91,13,rxEzQH,evento9,NNg,444
14,3,GnXBoHQ,evento8,GC,185
95,12,jDOMfKLeu,evento1,Va,155
92,13,Fjiro,,fi,558
70,9,waQvx,evento9,JNiB,34
79,7,gNimDXZz,evento2,JUqme,364
100,11,WYyUYU,,OGj,508
77,12,mbfvZd,evento4,Ch,47
86,11,YFtwGwxGUf,evento7,Knkk,434
89,14,ojMg,evento6,p s,426
2,11,Ch,evento2,LY,574
14,16,ge,evento2,tvwm,344
76,7,flPbKE,evento4,yIT,238
19,16,Mzm,evento3,qf,141
59,17,mqWrxCtfHL,evento3,xnGw,459
93,14,lBOve,,"Xt ",312
56,9,fGm,evento8,yRRWX,119
15,14,TTZSBQNNpT,,MyI,342
45,10,CrNV,evento5,sVK,475
54,15,WttZbGpg,evento6,Ithj,391
58,15,QKJSRRVq,evento4,lKef,241
25,10,hyka,evento3,PJxKu,235
82,15,RpFWfuAomE,evento7,gxM,447
32,1,Ub udkh,evento3,zYx,189
72,12,oLVWxQToF,evento8,VddO,315
39,19,QZY,evento2,KjlRY,561
18,5,TJqwftN,evento4,kjs,115
91,4,evEz,evento9,Wrlz,8
66,8,mEnuxbOOY,evento5,Ep,564
23,18,ucSuTWdRJq,evento6,OPj P,146
47,18,wQwJdynEOP,evento1,Zwp,398
58,9,czg bPKr,evento4,hFEYa,22
84,2,sHzXMzAGm,evento5,CS,569
67,16,DudstjrB,evento10,WEmdE,358
25,6,upYxSsuqkB,evento4,vBZU,431
11,15,OcqxHFc,evento8,MG,122
7,14,Qpyo,evento3,dGR,313
40,20,LK,evento10,OobkM,552
87,11,dVUlkq,evento1,ZXim,317
40,1,ZcHEwU,evento6,gp,273
37,10,eh,evento1,trVd,21
48,2,cTc gjrtGE,,qxMZ,379
15,7,wHb,evento1,JhSOs,103
2,9,QhMnUa ih,evento2,UJhu,40
29,1,BRCk,evento10,gM,568
34,12,evkv,evento5,BD m,599
45,4,jUeTKkgX,evento5,tQLR,79
36,8,Ri,evento10,NiKBY,215
8,19,EQA,evento8,HE,597
47,1,Eek,evento3,FlCG,72
60,8,ihITZQQRE,evento10,JDk,81
66,8,LKsOnxoyF,evento7,uny,551
10,13,"CeKGPd ",evento3,lnw,162
99,15,QahD,evento1,XLkfc,46
95,7,BbPI,evento8,AndV,425
35,12,fE,evento2,Yr,1
83,3,bYUBM,evento3,enR,20
42,11,PVgLWNvf,,oCk,576
11,11,SNZukmUxZy,evento8,qzXbm,286
14,15,GVhiOAcV,,sfH,156
69,7,klwBds,evento4,OEsc,552
48,5,uTGTyypsF,evento10,ampXC,209
78,14,lPC,evento1,otbUa,124
86,4,MHUlBQaZL,evento10,qI,55
78,20,SkgphjkF,evento2,cABns,49
5,1,nr,evento3,kde,77
1,17,gzsiDnwLHZ,,MC,376
25,8,YfrCqQ,evento6,kV,332
42,19,VwAUA,evento3,UpTJY,338
67,7,OfnIpPhOvX,evento5,NnK,572
30,11,ot,evento10,IhAyQ,4
33,14,rsLfHnp,evento3,"yhY ",222
44,18,WRuavYmcB,evento10,BL,441
46,10,aRklrddc,evento4,FI,161
89,15,ueQEg,evento8,pQ,79
27,18,WYFXBmzGz,evento9,MOEdT,222
19,10,NQY zg,evento9,vvS,63
46,13,e JJJ,evento6,knIH,167
10,1,CFfH,evento5,rq,241
82,5,zmBcLhFpFs,evento4,eE,360
81,12,nSpWR,evento1,yGAF,327
83,7,CuZDWb,evento4,pQ,162
92,20,IcoNswZT,evento7,Lea,366
83,10,dhsvkC,evento2,IN,63
49,18,hqsvIV,,KJR,429
4,17,ryT,,f ZXu,196
45,18,ecGrqUnx,evento3,Qq,30
53,9,eOOsVUFst,evento6,htKh,512
74,2,aPZlVUrVXi,evento8,TJu,429
20,11,DhY,evento9,rx,63
11,9,YNcy,evento3," yOjC",328
6,9,AIfGRT,evento9,BC,534
97,2,qgzMK,evento2,TAP,82
1,18,QgXCpknB,evento7,TCt,493
68,19,efxpDQpd,evento7,uL,534
56,9,qMoTQBd,,psw,571
66,14,vlmqUCbJtD,evento9,Wp,198
19,2,zIYsDEfg,evento10,lUWoU,136
87,16,Qy,evento7,AtO,52
77,11,BjLYip,evento10,iQzHE,426
73,17,qkf,evento6,zAoSr,476
4,1,sGGH,evento2,ck,280
17,6,GA,evento1,WuclX,480
55,3,aliWxwX,evento2,qalw,146
97,11,Ft fQkO,evento2,Bix,503
54,16,Vh,evento1,wv,544
72,4,TIjlzZOKV,,Qp,231
54,4,fI,evento8,ZMV,151
97,20,sNwMAY p,evento9,OfvFI,580
24,16,HVn,evento3,cT,11
61,9,FkdRbrFbK,evento9,eR,17
61,13,PHKOky,evento2,BDJZ,208
46,6,jiO,evento8,mlj,25