id_producto,id_comprador,id_vendedor,pais,tiene_reclamo,anio,mes,precio_local
3,9,8,Uruguay,True,2018,9,443
9,5,4,Uruguay,False,2019,12,202
3,10,7,Argentina,True,2019,5,615
3,7,6,Argentina,True,2018,12,701
5,5,4,Argentina,False,2018,12,312
5,9,6,Uruguay,True,2018,7,570
10,1,2,Chile,False,2019,3,720
5,6,4,Chile,True,2018,2,966
10,1,6,Uruguay,False,2018,6,540
8,3,4,Uruguay,False,2019,10,768
1,5,3,Chile,False,2018,11,152
6,1,10,Uruguay,False,2019,3,443
9,2,5,Chile,True,2019,5,745
6,9,3,Brasil,False,2019,5,573
10,1,4,Chile,True,2019,1,846
1,7,3,Uruguay,True,2018,10,562
3,10,5,Brasil,True,2019,5,584
10,3,1,Uruguay,False,2019,8,101
8,9,5,Argentina,False,2019,7,643
3,7,7,Argentina,False,2019,12,371
1,6,2,Uruguay,False,2019,7,233
10,7,4,Argentina,True,2019,1,504
9,1,6,Brasil,True,2019,9,337
5,6,7,Brasil,True,2018,12,280
3,10,8,Chile,False,2019,12,714
3,1,2,Argentina,False,2019,8,780
5,9,10,Chile,True,2019,1,531
7,6,9,Brasil,True,2019,3,744
7,3,6,Uruguay,False,2019,12,839
6,8,10,Uruguay,True,2019,7,882
1,3,5,Chile,True,2019,1,564
4,1,2,Argentina,True,2018,10,996
7,5,1,Chile,True,2018,6,487
3,8,5,Argentina,False,2019,8,203
10,8,1,Chile,False,2018,6,476
6,7,9,Brasil,True,2019,6,797
5,1,2,Chile,True,2018,5,432
5,1,3,Brasil,True,2018,12,219
9,1,6,Brasil,True,2019,2,656
2,9,10,Chile,False,2019,11,893
1,2,9,Uruguay,True,2018,12,743
9,2,2,Uruguay,False,2018,4,549
4,9,6,Uruguay,True,2018,10,264
2,10,1,Argentina,False,2019,6,998
7,5,6,Argentina,True,2019,9,380
10,7,1,Brasil,False,2019,3,936
4,4,7,Argentina,False,2018,2,296
2,1,9,Brasil,True,2018,7,349
9,4,7,Brasil,True,2018,4,140
1,4,10,Brasil,False,2018,4,762
10,7,10,Argentina,False,2019,11,641
4,4,10,Chile,True,2019,7,235
7,1,10,Uruguay,True,2019,6,732
5,3,4,Uruguay,False,2019,10,875
10,7,10,Brasil,False,2018,9,128
8,2,3,Argentina,True,2018,9,784
10,2,2,Uruguay,True,2018,6,325
10,10,8,Brasil,False,2018,7,554
9,6,6,Argentina,False,2019,11,654
3,1,6,Brasil,True,2019,5,557
2,4,9,Chile,True,2019,8,116
10,8,1,Brasil,True,2019,4,440
2,5,7,Brasil,False,2018,10,296
2,10,7,Brasil,True,2018,8,881
2,7,1,Chile,False,2019,2,413
3,5,4,Uruguay,True,2019,4,617
9,7,10,Brasil,False,2018,1,156
7,10,9,Chile,False,2019,2,381
8,7,10,Brasil,False,2018,2,822
10,7,7,Uruguay,True,2019,6,302
9,9,6,Argentina,False,2018,3,368
7,5,10,Uruguay,True,2019,4,995
3,8,3,Chile,True,2018,11,774
1,9,4,Uruguay,True,2019,2,890
7,2,8,Brasil,True,2019,12,804
8,6,9,Uruguay,False,2019,6,399
2,5,9,Brasil,False,2019,11,393
1,6,10,Brasil,False,2018,10,844
2,6,6,Uruguay,False,2019,7,934
4,4,3,Chile,False,2018,9,997
5,2,10,Uruguay,True,2019,8,974
9,9,6,Chile,True,2018,3,758
1,2,4,Brasil,False,2019,3,822
5,1,1,Argentina,True,2019,2,915
1,4,1,Argentina,False,2018,6,511
1,3,4,Chile,True,2019,7,941
2,3,6,Brasil,False,2019,7,869
8,1,2,Argentina,True,2019,3,357
6,5,5,Brasil,True,2018,4,740
1,10,1,Argentina,True,2018,7,475
7,5,2,Argentina,False,2019,5,238
7,4,2,Uruguay,False,2019,5,923
8,5,1,Argentina,True,2018,3,418
7,9,5,Argentina,True,2019,11,469
1,3,4,Brasil,True,2019,8,565
5,5,10,Argentina,True,2019,1,649
1,5,8,Argentina,False,2019,5,917
7,4,8,Chile,True,2019,2,151
8,1,6,Uruguay,False,2018,8,647
8,8,5,Uruguay,True,2018,6,374
10,5,5,Chile,True,2018,7,591
6,7,5,Uruguay,False,2019,8,787
9,3,6,Brasil,False,2018,6,263
3,2,3,Argentina,False,2019,3,542
1,7,2,Brasil,False,2019,2,695
6,1,4,Argentina,True,2018,2,897
3,4,7,Argentina,False,2019,8,530
9,6,8,Uruguay,True,2019,9,941
4,4,1,Argentina,True,2018,2,431
9,8,10,Argentina,True,2019,12,908
6,9,3,Argentina,True,2018,10,760
9,5,9,Chile,True,2018,8,754
2,8,8,Argentina,True,2018,1,578
10,2,8,Brasil,False,2019,8,571
3,2,6,Uruguay,True,2018,12,999
8,3,3,Argentina,False,2018,2,230
4,3,9,Chile,True,2019,11,243
2,3,8,Uruguay,True,2018,3,486
5,7,3,Brasil,True,2019,10,848
2,9,2,Uruguay,True,2019,12,104
7,8,2,Uruguay,False,2019,2,927
4,1,5,Chile,False,2019,5,399
2,6,8,Uruguay,False,2018,9,846
2,2,9,Argentina,False,2018,12,466
9,4,10,Chile,True,2019,2,216
2,8,4,Chile,False,2019,4,197
9,7,7,Brasil,False,2019,4,619
10,4,6,Uruguay,True,2018,3,784
3,1,5,Chile,False,2018,6,119
1,10,7,Brasil,True,2018,8,920
7,6,5,Uruguay,False,2018,4,625
1,7,4,Uruguay,True,2018,12,977
9,10,4,Chile,True,2019,2,326
3,5,2,Argentina,True,2019,8,606
2,3,10,Argentina,True,2019,11,313
10,6,4,Uruguay,True,2018,3,396
5,7,4,Argentina,False,2019,3,994
9,4,3,Argentina,True,2018,7,100
8,8,3,Uruguay,False,2019,6,899
4,8,6,Brasil,False,2019,11,768
4,7,9,Uruguay,True,2018,9,930
1,10,8,Argentina,True,2018,2,476
2,10,6,Uruguay,True,2018,4,490
4,10,5,Chile,False,2018,7,986
3,6,10,Brasil,True,2018,12,285
10,5,5,Argentina,False,2019,11,470
3,3,6,Argentina,False,2019,3,732
4,7,1,Brasil,False,2018,2,433
1,2,2,Argentina,False,2018,1,597
5,4,4,Brasil,True,2019,1,860
1,10,4,Chile,False,2019,1,996
10,7,7,Chile,False,2018,1,866
2,7,9,Chile,False,2018,6,588
6,8,1,Argentina,False,2019,7,851
2,4,6,Argentina,False,2018,5,598
3,7,6,Chile,False,2018,9,168
9,2,9,Argentina,True,2018,9,238
4,10,8,Argentina,False,2018,10,467
7,9,10,Brasil,False,2019,8,232
6,7,10,Chile,True,2019,12,797
7,4,3,Uruguay,False,2018,12,669
6,2,3,Brasil,False,2019,4,570
4,7,8,Argentina,True,2018,5,561
9,9,10,Argentina,False,2018,12,264
3,9,1,Uruguay,False,2019,4,639
7,2,9,Brasil,True,2019,2,135
8,2,9,Argentina,True,2018,3,493
9,2,10,Chile,False,2018,1,437
6,2,7,Brasil,False,2019,6,678
6,1,3,Uruguay,True,2019,1,501
6,7,10,Brasil,False,2019,8,663
7,3,9,Chile,False,2018,7,344
2,10,10,Argentina,True,2018,2,346
8,7,8,Brasil,True,2019,10,408
6,9,9,Brasil,False,2018,6,186
9,2,9,Argentina,False,2018,4,508
9,5,8,Brasil,False,2019,11,789
3,4,9,Argentina,False,2019,10,353
3,5,3,Chile,False,2019,5,931
1,8,7,Brasil,True,2018,9,948
6,1,3,Uruguay,False,2018,6,493
5,8,4,Uruguay,False,2018,7,773
10,4,7,Uruguay,False,2018,6,653
6,1,6,Argentina,True,2019,8,739
1,10,10,Uruguay,False,2019,6,607
4,6,1,Argentina,True,2018,2,433
6,8,3,Uruguay,True,2019,8,404
1,10,4,Uruguay,True,2019,9,953
1,3,3,Argentina,False,2018,1,856
2,8,4,Uruguay,True,2018,4,131
9,8,2,Brasil,True,2019,5,410
8,1,4,Uruguay,False,2018,12,759
2,7,10,Chile,True,2018,12,815
8,10,10,Chile,False,2019,1,281
8,3,10,Argentina,True,2018,6,832
8,2,2,Uruguay,False,2019,7,438
5,6,3,Brasil,True,2018,10,511
5,7,5,Uruguay,True,2018,4,332
6,5,6,Argentina,True,2018,7,871
3,6,5,Uruguay,False,2018,11,939
4,9,4,Brasil,False,2018,5,449
10,4,4,Uruguay,True,2018,9,742
10,7,7,Uruguay,False,2018,10,704
4,5,8,Chile,False,2018,9,153
6,3,1,Brasil,False,2019,11,792
2,4,10,Chile,True,2018,8,820
4,10,3,Uruguay,True,2019,10,119
5,7,5,Argentina,False,2018,4,186
4,10,6,Chile,False,2019,5,977
1,3,1,Chile,False,2019,6,558
7,10,6,Chile,True,2019,9,461
3,4,3,Chile,True,2018,5,184
5,6,2,Uruguay,False,2018,6,907
5,10,10,Brasil,True,2018,12,536
5,6,5,Uruguay,False,2018,9,737
7,1,4,Argentina,False,2018,2,894
1,8,4,Brasil,False,2019,1,276
4,5,6,Argentina,False,2019,9,626
5,9,3,Uruguay,False,2018,8,541
8,9,7,Chile,True,2019,12,512
4,10,3,Argentina,True,2018,12,445
7,7,4,Chile,True,2019,1,339
2,3,8,Uruguay,False,2018,10,603
9,4,3,Brasil,False,2018,7,638
8,8,4,Chile,False,2018,7,860
5,7,5,Argentina,True,2019,5,130
1,7,3,Brasil,True,2019,7,673
2,8,2,Brasil,True,2019,1,464
6,1,10,Brasil,False,2019,4,549
4,4,8,Argentina,True,2018,12,902
3,1,4,Argentina,True,2018,2,964
7,3,6,Argentina,True,2019,11,887
4,7,2,Chile,True,2018,10,477
9,6,8,Uruguay,False,2019,2,595
2,9,2,Chile,True,2018,4,995
2,2,1,Brasil,True,2019,7,246
2,8,9,Uruguay,True,2018,9,154
1,4,10,Brasil,False,2018,3,894
1,8,4,Argentina,False,2018,10,984
6,3,7,Uruguay,True,2018,8,479
4,8,2,Chile,False,2018,9,270
10,1,7,Chile,False,2019,11,400
6,1,2,Argentina,True,2018,6,481
6,7,2,Brasil,False,2019,10,500
4,1,6,Brasil,False,2019,11,834
8,6,2,Chile,True,2019,1,736
3,8,2,Argentina,True,2019,1,928
8,10,10,Brasil,True,2018,1,841
9,2,6,Chile,False,2019,6,874
5,3,2,Chile,False,2018,1,778
5,3,9,Argentina,True,2018,10,254
8,7,10,Chile,True,2018,7,753
3,9,5,Chile,False,2019,11,560
10,5,6,Chile,False,2019,8,110
7,5,10,Argentina,False,2018,2,802
7,3,5,Chile,True,2019,5,595
9,4,5,Brasil,False,2019,6,228
4,8,9,Brasil,True,2019,11,282
4,1,4,Chile,False,2019,12,656
7,7,8,Uruguay,False,2018,1,796
5,1,9,Chile,True,2019,7,803
9,3,2,Argentina,False,2018,8,807
5,5,6,Argentina,True,2019,11,778
7,2,6,Chile,False,2019,8,430
8,8,6,Argentina,False,2019,12,548
6,10,4,Argentina,False,2018,8,799
7,10,3,Brasil,False,2019,1,903
6,4,5,Argentina,False,2018,9,257
2,1,8,Chile,True,2019,10,953
3,1,9,Uruguay,False,2018,6,625
2,5,6,Chile,False,2019,6,501
1,4,7,Brasil,True,2019,4,601
5,7,10,Chile,True,2018,7,190
8,8,7,Uruguay,False,2018,8,608
6,1,10,Chile,True,2018,12,514
10,2,7,Uruguay,True,2019,8,461
5,4,9,Chile,True,2018,4,854
3,9,6,Brasil,True,2019,8,946
9,7,6,Uruguay,True,2019,10,789
3,6,5,Chile,True,2018,1,837
8,3,1,Chile,False,2019,4,814
7,3,7,Uruguay,True,2018,2,453
7,1,10,Uruguay,True,2019,1,431
1,8,1,Brasil,False,2018,5,146
10,8,1,Brasil,True,2018,7,981
5,8,10,Chile,False,2018,7,204
10,1,5,Argentina,True,2019,10,727
9,7,5,Uruguay,True,2018,2,191
8,3,1,Uruguay,False,2019,11,911
6,9,7,Uruguay,False,2018,7,652
2,10,2,Brasil,False,2018,11,460
5,4,10,Argentina,False,2019,2,459
1,8,3,Argentina,False,2019,8,640
10,8,3,Argentina,False,2019,6,685
3,6,8,Argentina,True,2018,7,593
8,2,5,Argentina,False,2019,10,672
1,8,5,Chile,True,2019,12,641
10,1,2,Brasil,True,2018,4,727
8,7,7,Uruguay,False,2019,6,555
8,2,10,Chile,False,2019,6,856
7,7,5,Uruguay,True,2019,4,131
7,4,9,Uruguay,False,2019,7,762
4,9,6,Argentina,True,2018,12,371
1,3,8,Brasil,True,2019,11,108
10,1,3,Uruguay,False,2019,10,104
5,10,1,Brasil,True,2018,6,545
10,2,3,Argentina,True,2019,5,964
5,8,10,Argentina,True,2018,3,391
7,1,8,Brasil,True,2018,11,692
3,3,6,Brasil,True,2018,2,695
10,5,7,Brasil,True,2019,9,473
9,4,8,Chile,False,2019,2,521
10,6,1,Chile,True,2018,10,731
10,3,2,Uruguay,True,2019,6,385
10,10,4,Chile,True,2018,5,828
9,5,6,Uruguay,False,2019,1,341
5,10,2,Argentina,True,2019,2,418
3,6,10,Argentina,False,2019,6,495
8,4,4,Brasil,False,2019,11,187
5,6,2,Uruguay,False,2019,5,617
9,8,8,Brasil,True,2019,6,111
1,8,9,Uruguay,False,2019,6,677
1,10,8,Chile,False,2019,7,636
10,9,8,Uruguay,False,2019,2,822
1,9,9,Chile,True,2018,7,876
2,3,10,Uruguay,False,2019,9,885
8,9,7,Chile,True,2019,5,520
7,6,7,Brasil,True,2018,7,454
2,7,7,Brasil,False,2018,2,351
2,10,1,Uruguay,True,2019,9,464
4,8,10,Brasil,True,2019,4,209
3,2,2,Argentina,False,2018,3,620
6,6,2,Brasil,False,2019,10,600
10,5,7,Chile,False,2018,3,433
8,1,4,Chile,False,2019,9,335
9,3,3,Argentina,True,2018,7,947
7,5,10,Chile,False,2019,11,479
4,3,3,Uruguay,False,2019,4,745
5,8,2,Brasil,False,2018,12,325
3,10,8,Uruguay,False,2019,3,417
2,9,8,Argentina,True,2019,6,607
1,8,8,Argentina,False,2019,5,850
7,1,10,Chile,True,2018,9,781
10,3,9,Uruguay,False,2019,6,268
6,6,7,Argentina,False,2018,1,703
9,3,6,Brasil,False,2019,9,509
3,1,3,Argentina,True,2018,4,109
6,2,5,Uruguay,True,2018,9,555
3,8,5,Uruguay,True,2018,11,598
10,4,2,Uruguay,True,2018,4,323
2,8,10,Chile,True,2019,12,484
7,5,10,Argentina,True,2019,10,288
9,5,4,Argentina,False,2019,8,494
8,6,4,Argentina,False,2019,4,834
6,9,2,Argentina,False,2019,8,909
6,3,2,Uruguay,True,2018,9,369
3,10,8,Uruguay,True,2019,8,987
10,7,2,Argentina,True,2019,12,211
3,2,8,Brasil,False,2019,5,148
3,8,8,Chile,False,2018,10,131
2,8,2,Argentina,False,2018,3,138
2,8,8,Brasil,False,2018,10,592
10,8,9,Uruguay,True,2018,12,693
7,7,7,Chile,False,2018,1,642
6,6,10,Chile,True,2018,12,828
7,7,2,Brasil,False,2018,7,607
8,4,5,Argentina,False,2018,4,379
10,4,6,Chile,False,2019,10,456
2,3,5,Argentina,True,2018,3,738
6,9,1,Argentina,True,2019,8,536
6,2,3,Argentina,True,2018,3,283
6,8,7,Uruguay,False,2018,10,728
6,5,7,Chile,False,2018,6,286
9,9,2,Uruguay,False,2018,3,892
8,7,9,Uruguay,True,2018,12,454
8,5,10,Uruguay,False,2019,12,198
3,2,9,Brasil,True,2019,2,962
10,10,2,Brasil,False,2018,12,220
3,6,3,Chile,True,2018,12,270
10,4,9,Uruguay,True,2018,3,397
1,1,3,Chile,False,2019,11,137
8,4,7,Uruguay,True,2019,2,365
6,4,5,Chile,False,2018,2,638
8,3,7,Uruguay,True,2018,1,754
8,3,10,Uruguay,False,2018,8,995
9,7,10,Brasil,True,2019,7,926
3,7,2,Chile,True,2018,4,923
8,7,3,Argentina,True,2019,1,706
8,7,9,Brasil,True,2019,8,417
8,6,4,Argentina,False,2019,7,959
9,7,9,Argentina,False,2019,11,150
7,6,7,Chile,True,2018,7,112
4,9,10,Chile,True,2018,5,833
3,7,1,Chile,False,2019,8,327
7,4,1,Uruguay,True,2019,1,986
1,9,2,Chile,True,2019,4,850
7,10,5,Uruguay,True,2019,6,447
1,1,1,Chile,False,2018,10,981
5,1,6,Uruguay,False,2019,3,758
8,3,1,Chile,False,2018,12,349
7,10,10,Argentina,False,2018,12,220
10,3,2,Uruguay,False,2019,3,680
10,3,9,Brasil,True,2019,5,330
10,7,4,Chile,True,2019,2,979
5,2,8,Chile,True,2018,6,689
5,6,9,Chile,False,2018,4,813
3,3,2,Uruguay,True,2019,4,939
2,4,6,Chile,True,2019,5,311
10,10,7,Chile,False,2019,3,243
2,1,1,Chile,True,2018,10,239
1,4,6,Uruguay,True,2018,8,608
6,3,4,Chile,True,2018,3,830
10,4,4,Brasil,False,2018,4,350
10,6,9,Uruguay,True,2019,6,171
7,5,10,Argentina,True,2018,5,851
8,8,3,Argentina,True,2019,7,498
10,1,2,Uruguay,True,2018,1,288
2,2,6,Brasil,False,2018,8,278
10,7,10,Brasil,True,2019,3,504
4,3,10,Chile,False,2019,5,251
8,1,3,Argentina,True,2019,2,697
4,1,4,Uruguay,False,2019,12,812
4,1,9,Chile,False,2019,7,246
10,9,1,Argentina,True,2018,12,636
4,6,5,Argentina,False,2019,10,538
9,5,2,Argentina,False,2019,12,799
4,10,3,Chile,False,2018,9,334
9,7,7,Uruguay,False,2018,10,455
2,4,7,Uruguay,False,2018,8,447
7,1,10,Chile,True,2019,12,658
1,8,3,Uruguay,True,2018,4,121
1,2,1,Argentina,False,2018,10,536
7,2,8,Chile,True,2018,5,301
8,4,3,Argentina,False,2019,2,257
6,5,8,Chile,True,2018,7,883
4,6,1,Brasil,False,2018,12,312
6,2,2,Argentina,True,2019,4,387
7,1,2,Brasil,False,2018,10,799
3,8,3,Argentina,True,2019,5,603
5,2,7,Chile,False,2018,9,206
7,5,6,Uruguay,False,2018,7,461
2,6,8,Brasil,False,2018,8,909
10,2,5,Argentina,False,2019,11,718
7,2,3,Uruguay,False,2018,4,494
2,9,4,Uruguay,True,2019,12,817
3,6,1,Uruguay,True,2019,2,168
7,1,9,Argentina,False,2018,4,859
9,3,8,Argentina,False,2018,1,400
5,8,7,Chile,True,2018,3,832
5,2,6,Chile,True,2018,4,138
3,6,1,Uruguay,False,2018,4,751
10,8,3,Argentina,False,2018,7,727
1,4,7,Brasil,False,2019,2,582
9,1,5,Brasil,True,2018,5,739
10,7,7,Uruguay,False,2019,6,174
8,6,2,Uruguay,False,2018,1,184
8,2,4,Chile,False,2019,4,445
6,6,7,Brasil,False,2018,10,422
5,4,2,Uruguay,True,2018,12,515
3,10,8,Uruguay,False,2019,10,682
3,4,2,Chile,True,2018,8,875
9,7,9,Brasil,True,2018,12,859
10,5,10,Argentina,True,2018,5,326
8,1,3,Chile,True,2018,11,674
7,10,4,Argentina,False,2019,8,310
5,6,9,Chile,False,2019,5,823
8,2,9,Uruguay,False,2018,7,846
9,3,3,Chile,True,2018,4,189
6,5,3,Brasil,True,2018,6,626
2,2,7,Uruguay,True,2018,12,485
8,7,10,Argentina,False,2018,10,744
2,7,5,Chile,False,2019,9,521
8,2,4,Chile,False,2018,6,951
2,10,7,Chile,False,2018,2,470
5,1,10,Brasil,True,2019,10,605
8,1,8,Argentina,False,2018,8,642
3,2,6,Argentina,False,2018,12,479
6,1,2,Argentina,True,2019,1,180
10,6,8,Uruguay,True,2019,8,349
8,3,5,Uruguay,True,2018,1,128
5,6,6,Uruguay,False,2018,1,288
4,5,2,Brasil,False,2019,10,592
4,3,8,Argentina,True,2018,1,987
4,8,8,Argentina,True,2019,4,643
1,4,10,Argentina,False,2018,5,425
2,5,7,Argentina,True,2018,12,933
10,5,10,Chile,True,2019,3,183
1,7,2,Chile,True,2019,10,269
7,6,1,Argentina,True,2018,8,460
5,2,3,Uruguay,False,2019,2,357
8,2,1,Chile,True,2019,10,677
8,8,3,Chile,True,2018,9,803
6,4,7,Brasil,False,2019,7,269
2,1,2,Argentina,False,2019,11,247
4,4,7,Argentina,False,2018,8,330
3,5,9,Brasil,True,2018,11,894
10,1,6,Uruguay,True,2018,5,855
2,6,1,Uruguay,False,2019,9,192
10,2,10,Argentina,False,2019,7,115
6,2,6,Argentina,True,2019,1,639
7,10,5,Brasil,False,2018,6,904
8,5,8,Chile,True,2018,5,796
9,8,8,Uruguay,True,2019,5,514
5,3,2,Brasil,False,2018,5,186
7,6,7,Chile,True,2018,3,316
3,8,9,Argentina,True,2019,1,778
5,10,7,Argentina,True,2019,11,914
1,7,9,Uruguay,True,2018,4,356
7,10,5,Brasil,False,2018,2,850
10,10,8,Argentina,False,2018,6,342
5,5,6,Brasil,True,2018,1,646
10,6,6,Chile,False,2018,5,944
1,5,5,Uruguay,False,2019,12,372
7,2,3,Brasil,False,2019,9,746
3,7,10,Argentina,False,2018,3,971
3,3,1,Chile,False,2018,3,919
9,7,7,Uruguay,True,2018,1,734
7,10,6,Argentina,True,2018,7,817
3,1,7,Argentina,False,2018,6,785
1,3,3,Argentina,True,2019,8,184
6,8,2,Uruguay,False,2019,12,520
7,4,1,Uruguay,True,2019,5,490
5,4,9,Argentina,True,2019,5,883
2,2,2,Argentina,True,2019,6,426
8,6,4,Argentina,False,2019,5,736
10,1,10,Chile,False,2018,7,367
10,7,6,Argentina,False,2018,11,192
6,5,1,Brasil,False,2019,8,747
7,2,6,Argentina,True,2019,4,195
9,3,4,Brasil,False,2018,3,488
9,5,6,Chile,False,2019,9,322
4,9,5,Brasil,False,2019,5,646
3,4,3,Brasil,False,2019,5,461
3,3,6,Brasil,False,2019,2,869
2,1,8,Chile,False,2018,12,271
1,4,9,Chile,True,2018,8,697
10,5,6,Brasil,True,2018,6,901
7,5,7,Chile,True,2018,9,718
3,1,8,Uruguay,False,2019,12,149
8,5,6,Argentina,True,2019,1,750
5,2,1,Brasil,False,2018,7,501
4,7,10,Uruguay,False,2018,7,354
2,9,4,Uruguay,True,2018,8,150
4,8,6,Uruguay,False,2019,11,313
4,3,4,Uruguay,True,2018,8,221
10,1,2,Argentina,False,2018,3,916
5,8,9,Chile,False,2018,12,711
2,6,1,Argentina,False,2019,12,967
1,6,9,Chile,False,2018,3,546
10,7,7,Argentina,False,2018,9,915
10,2,1,Chile,False,2018,4,855
5,2,5,Brasil,True,2019,3,307
6,10,1,Uruguay,False,2019,8,163
7,1,4,Chile,False,2018,3,820
6,4,9,Brasil,False,2019,8,854
3,3,10,Argentina,True,2018,2,508
8,5,8,Uruguay,False,2019,10,628
9,10,10,Uruguay,False,2018,11,444
7,4,1,Chile,False,2018,9,859
2,4,4,Brasil,True,2018,6,120
9,4,5,Argentina,True,2019,1,378
5,4,2,Uruguay,False,2018,4,109
1,6,4,Argentina,False,2018,1,584
7,6,7,Brasil,True,2018,4,766
6,2,6,Chile,False,2018,1,942
5,2,9,Argentina,False,2018,2,858
2,2,7,Uruguay,False,2018,2,113
4,10,6,Chile,True,2019,7,770
4,5,5,Chile,False,2018,12,545
10,1,1,Uruguay,True,2018,8,953
1,3,10,Brasil,True,2018,4,312
3,1,7,Argentina,True,2019,6,356
4,3,5,Argentina,True,2019,4,612
7,8,10,Chile,True,2018,1,475
9,5,9,Uruguay,True,2019,7,813
9,3,7,Argentina,False,2018,7,823
1,8,9,Uruguay,True,2019,9,915
1,7,1,Chile,True,2018,1,236
9,1,4,Uruguay,True,2018,10,557
8,4,8,Argentina,True,2019,7,201
3,10,1,Chile,True,2019,6,698
9,10,9,Brasil,False,2018,8,739
1,8,6,Brasil,False,2019,7,311
1,3,8,Argentina,False,2019,10,161
2,5,5,Argentina,False,2019,7,743
8,4,1,Brasil,False,2019,3,731
4,1,3,Brasil,False,2018,3,563
8,1,6,Argentina,True,2018,8,561
2,2,5,Uruguay,False,2018,10,298
6,7,3,Argentina,False,2019,1,617
4,1,2,Brasil,True,2018,2,928
10,9,9,Uruguay,True,2018,11,280
4,7,5,Uruguay,False,2019,9,952
8,10,3,Uruguay,True,2019,4,987
5,3,2,Brasil,False,2019,1,426
5,7,4,Uruguay,False,2019,12,674
6,9,9,Uruguay,True,2018,3,893
10,1,3,Brasil,True,2019,3,711
10,6,7,Chile,True,2019,6,888
10,9,7,Uruguay,True,2019,3,914
5,5,6,Uruguay,True,2018,6,566
7,7,10,Brasil,False,2018,11,959
10,7,1,Chile,True,2019,8,924
7,7,7,Argentina,False,2019,3,548
6,1,9,Argentina,True,2018,11,800
10,7,8,Brasil,True,2019,3,406
7,3,4,Chile,False,2019,11,592
1,10,2,Chile,False,2018,1,992
7,5,9,Uruguay,False,2018,10,609
8,5,10,Argentina,False,2019,1,617
4,6,7,Argentina,True,2018,7,876
5,8,7,Argentina,True,2019,7,599
8,3,1,Brasil,True,2019,12,668
9,3,2,Chile,False,2019,11,782
5,8,9,Chile,True,2018,12,369
8,4,7,Chile,False,2018,4,122
5,8,2,Argentina,True,2018,8,106
6,6,7,Argentina,True,2019,7,345
8,1,10,Chile,True,2019,5,858
4,1,9,Brasil,False,2018,7,861
1,1,4,Chile,True,2019,4,247
10,4,2,Uruguay,True,2019,6,459
3,4,7,Chile,True,2019,12,613
9,4,5,Uruguay,True,2018,6,296
7,1,7,Chile,True,2019,9,653
1,1,9,Brasil,False,2019,11,365
10,4,8,Argentina,True,2019,6,392
9,4,9,Brasil,True,2018,9,669
2,5,3,Chile,False,2019,5,955
6,3,5,Argentina,False,2018,6,160
4,4,2,Argentina,True,2019,7,104
7,1,6,Brasil,True,2019,2,123
2,9,4,Chile,True,2019,3,419
7,4,6,Brasil,False,2019,1,161
7,10,1,Argentina,False,2018,6,588
7,8,6,Chile,False,2018,3,115
1,6,1,Argentina,False,2019,4,886
8,6,2,Brasil,True,2018,12,398
5,3,4,Uruguay,False,2019,7,156
3,3,8,Uruguay,True,2019,2,346
10,5,1,Uruguay,True,2018,3,477
8,2,8,Uruguay,True,2018,11,892
10,2,3,Argentina,True,2018,12,333
7,5,4,Argentina,False,2019,5,301
1,5,8,Argentina,True,2018,2,236
9,4,10,Brasil,False,2018,1,852
6,7,2,Brasil,False,2019,9,269
1,7,8,Brasil,True,2018,9,500
3,2,2,Uruguay,False,2018,6,715
1,9,10,Chile,True,2018,1,364
2,2,6,Uruguay,True,2019,1,866
10,5,7,Chile,False,2019,4,854
5,4,6,Chile,True,2018,12,888
2,10,5,Uruguay,True,2019,7,748
6,6,3,Brasil,True,2018,9,199
4,8,1,Chile,False,2019,6,528
10,2,3,Argentina,True,2018,10,950
5,1,2,Chile,False,2019,4,910
5,1,3,Uruguay,True,2019,10,851
9,5,4,Argentina,False,2019,1,604
1,6,9,Chile,True,2019,8,927
1,3,9,Brasil,False,2018,5,600
8,2,6,Chile,False,2018,5,323
6,10,9,Uruguay,True,2018,12,854
10,6,8,Uruguay,False,2019,10,218
5,5,7,Uruguay,True,2019,1,803
8,1,2,Chile,True,2018,10,360
9,10,1,Uruguay,False,2019,10,593
2,2,7,Uruguay,True,2018,1,301
2,9,9,Chile,True,2019,11,719
5,9,4,Brasil,True,2018,1,752
5,9,1,Argentina,True,2018,4,170
3,2,7,Chile,True,2018,12,582
4,8,9,Uruguay,False,2018,8,101
3,2,8,Brasil,False,2019,7,165
9,1,5,Uruguay,False,2019,2,347
1,4,3,Uruguay,True,2019,12,726
1,7,2,Argentina,False,2019,4,730
10,9,1,Brasil,False,2018,2,809
8,9,6,Brasil,True,2019,5,829
3,9,2,Argentina,False,2018,1,329
3,7,1,Uruguay,False,2018,5,817
6,1,7,Argentina,False,2019,7,639
2,3,1,Argentina,True,2019,8,815
2,7,4,Chile,True,2019,8,561
6,4,7,Uruguay,False,2018,9,481
5,7,1,Uruguay,False,2019,6,823
3,10,3,Chile,True,2019,3,512
10,10,3,Brasil,False,2019,1,929
9,4,7,Chile,False,2018,10,866
1,7,8,Brasil,False,2018,4,599
5,10,10,Brasil,False,2019,8,108
8,4,6,Chile,False,2019,3,641
4,3,7,Argentina,False,2018,5,775
6,5,6,Uruguay,True,2019,12,616
10,3,7,Argentina,False,2018,7,866
10,8,1,Argentina,False,2018,4,844
2,5,4,Chile,True,2019,3,702
1,7,9,Argentina,False,2018,7,572
9,6,6,Chile,True,2018,2,262
7,2,9,Argentina,False,2019,12,923
2,5,1,Brasil,False,2019,11,265
4,4,10,Argentina,False,2019,11,873
2,9,4,Uruguay,False,2019,9,837
6,4,9,Brasil,True,2018,3,322
8,8,6,Argentina,True,2019,7,939
5,1,10,Brasil,False,2018,3,306
10,4,1,Uruguay,True,2018,1,284
10,5,3,Uruguay,False,2019,7,216
5,3,5,Argentina,False,2018,2,226
1,5,1,Uruguay,False,2018,3,101
6,2,5,Brasil,False,2018,10,512
9,1,2,Brasil,False,2019,1,820
5,2,10,Chile,True,2019,11,388
2,10,9,Uruguay,True,2019,6,343
4,6,9,Brasil,True,2019,5,558
2,10,5,Brasil,True,2019,4,777
7,4,3,Uruguay,False,2018,12,831
7,5,3,Brasil,True,2019,1,547
9,8,7,Brasil,True,2019,6,733
1,9,8,Chile,False,2018,9,368
2,2,5,Brasil,True,2019,1,555
6,10,5,Argentina,False,2019,7,213
9,5,8,Chile,False,2018,10,258
8,2,10,Brasil,False,2018,3,1000
2,5,4,Chile,True,2018,10,459
2,2,6,Chile,False,2018,7,245
7,7,8,Brasil,False,2019,4,305
2,4,2,Chile,False,2018,1,118
4,8,1,Brasil,True,2019,3,783
5,3,6,Uruguay,False,2019,6,399
8,5,2,Argentina,True,2019,8,243
1,10,10,Argentina,True,2018,6,574
9,9,6,Brasil,True,2018,10,256
2,5,6,Argentina,False,2018,12,345
8,1,5,Brasil,False,2018,3,887
1,1,1,Uruguay,True,2019,7,585
9,1,6,Uruguay,False,2019,9,612
2,2,3,Uruguay,True,2019,5,622
7,1,2,Argentina,False,2018,5,249
10,8,3,Argentina,True,2019,9,851
2,4,3,Chile,False,2018,9,820
6,6,8,Brasil,False,2018,8,441
6,7,4,Brasil,False,2019,12,132
9,9,5,Brasil,False,2019,8,860
10,1,10,Chile,False,2019,7,948
2,1,10,Argentina,False,2019,1,230
1,1,2,Brasil,True,2018,5,764
2,1,1,Argentina,False,2018,4,374
4,8,1,Argentina,False,2019,11,126
5,2,9,Uruguay,True,2018,6,805
1,2,8,Uruguay,False,2019,10,727
8,2,2,Uruguay,False,2018,4,442
2,7,1,Argentina,False,2018,4,748
1,2,4,Chile,False,2019,12,611
8,10,10,Uruguay,False,2019,3,196
1,8,1,Brasil,False,2018,3,463
3,9,10,Uruguay,False,2019,6,361
6,8,10,Uruguay,False,2019,9,308
7,5,2,Uruguay,False,2018,12,225
3,10,5,Argentina,False,2018,11,252
5,10,6,Uruguay,False,2018,5,380
6,4,10,Uruguay,True,2019,11,268
5,1,2,Chile,False,2019,9,486
8,6,7,Argentina,False,2018,11,420
8,6,3,Brasil,False,2018,6,191
2,8,10,Brasil,False,2018,6,457
6,6,1,Chile,False,2018,8,523
5,2,10,Uruguay,False,2018,11,409
8,9,2,Uruguay,False,2019,7,756
8,5,1,Argentina,True,2019,4,863
1,8,1,Uruguay,True,2019,2,845
4,10,10,Brasil,False,2018,2,590
7,4,8,Argentina,True,2018,12,521
8,9,3,Chile,False,2019,4,141
10,2,4,Argentina,False,2019,4,479
4,1,6,Uruguay,True,2019,12,486
5,4,6,Argentina,False,2018,4,356
7,3,9,Brasil,False,2018,11,759
1,7,2,Argentina,False,2018,12,401
6,9,10,Chile,True,2018,7,508
2,1,2,Uruguay,False,2018,8,730
9,3,3,Argentina,False,2019,1,522
2,10,4,Brasil,True,2018,5,861
4,7,2,Uruguay,True,2018,11,212
10,2,1,Uruguay,True,2019,2,662
8,8,6,Argentina,True,2019,7,218
6,4,9,Uruguay,True,2019,7,789
1,5,3,Argentina,False,2019,4,353
6,8,4,Uruguay,False,2019,3,808
6,10,1,Uruguay,True,2018,3,481
2,3,6,Uruguay,True,2018,11,563
10,6,8,Uruguay,True,2018,9,931
8,4,4,Chile,False,2019,2,352
2,6,10,Chile,True,2018,9,975
7,2,10,Brasil,False,2019,3,354
6,6,3,Brasil,True,2019,12,721
10,5,1,Uruguay,True,2018,5,292
6,9,8,Argentina,True,2018,7,409
5,6,8,Chile,True,2019,7,969
8,1,7,Chile,True,2018,1,231
2,2,6,Chile,True,2018,12,392
9,7,6,Chile,False,2018,4,346
5,9,8,Argentina,False,2018,3,609
7,4,2,Argentina,False,2018,5,547
9,7,2,Brasil,True,2019,3,462
8,2,8,Argentina,False,2019,8,193
9,4,4,Uruguay,False,2019,5,540
8,1,2,Argentina,True,2018,7,685
7,7,9,Uruguay,False,2019,5,410
6,6,6,Argentina,False,2018,8,318
6,5,10,Chile,False,2019,10,213
6,10,6,Brasil,True,2019,10,306
5,4,3,Uruguay,False,2019,12,284
10,8,9,Uruguay,True,2019,8,420
3,5,1,Argentina,True,2019,10,755
4,1,5,Chile,True,2019,6,264
7,8,3,Brasil,True,2018,8,281
1,2,4,Brasil,False,2018,10,333
9,10,2,Brasil,True,2018,7,642
1,1,5,Argentina,True,2018,4,282
9,5,3,Chile,False,2019,4,809
10,2,8,Argentina,False,2019,9,930
2,4,10,Chile,False,2018,11,656
8,10,8,Uruguay,False,2019,11,526
7,10,7,Uruguay,False,2018,10,950
1,4,9,Argentina,False,2019,4,371
7,1,9,Uruguay,False,2019,12,856
9,1,5,Uruguay,False,2019,12,581
9,8,6,Argentina,True,2019,7,974
3,10,3,Argentina,True,2019,5,223
10,5,9,Chile,False,2018,1,592
4,2,7,Brasil,False,2018,3,347
1,7,4,Uruguay,True,2019,8,220
10,9,3,Uruguay,True,2018,7,422
7,1,2,Chile,False,2018,4,506
9,4,2,Chile,False,2018,1,921
4,7,8,Argentina,False,2018,10,324
9,4,4,Chile,False,2019,11,570
7,5,4,Brasil,False,2019,6,288
2,4,2,Uruguay,False,2018,12,594
4,9,3,Argentina,False,2018,2,556
4,9,3,Argentina,False,2018,11,540
2,10,7,Argentina,False,2019,4,809
5,6,2,Uruguay,False,2019,7,218
1,9,4,Brasil,True,2018,5,502
4,1,7,Chile,False,2018,11,805
3,9,6,Brasil,True,2019,5,190
3,4,10,Chile,False,2018,7,768
9,7,10,Chile,False,2019,7,896
7,5,3,Uruguay,False,2019,1,846
3,2,10,Chile,False,2018,11,730
8,8,2,Chile,False,2019,3,398
5,10,2,Chile,False,2019,2,932
9,7,4,Argentina,True,2019,12,967
4,5,7,Chile,False,2018,12,821
3,6,7,Uruguay,False,2019,10,667
4,10,8,Argentina,True,2018,12,752
7,6,9,Chile,False,2018,3,495
2,2,10,Brasil,True,2018,4,406
5,4,1,Brasil,False,2018,2,830
7,2,9,Chile,False,2018,5,603
7,8,5,Brasil,True,2018,1,403
1,1,2,Uruguay,True,2018,11,703
8,10,6,Argentina,True,2018,3,104
10,1,4,Chile,False,2019,8,652
7,5,10,Uruguay,False,2018,7,392
4,9,7,Brasil,False,2018,11,411
4,10,10,Argentina,False,2018,6,657
9,4,6,Brasil,False,2019,6,249
5,4,7,Uruguay,True,2019,11,532
9,10,2,Argentina,True,2019,2,581
7,10,2,Argentina,True,2019,9,570
2,4,3,Chile,True,2018,7,288
10,7,8,Argentina,True,2019,12,227
5,9,2,Uruguay,False,2019,8,551
4,6,5,Chile,False,2019,2,783
8,4,4,Uruguay,True,2019,9,699
5,5,1,Argentina,True,2019,9,928
7,8,7,Uruguay,False,2018,2,443
7,4,2,Chile,True,2018,8,251
4,9,1,Argentina,True,2018,6,314
9,5,2,Brasil,False,2019,9,396
2,7,5,Argentina,False,2019,5,238
6,5,7,Brasil,True,2018,5,781
5,9,1,Chile,False,2019,6,318
7,8,10,Argentina,False,2018,4,995
8,3,6,Chile,False,2018,5,853
1,10,3,Brasil,True,2019,1,137
2,10,10,Uruguay,False,2018,5,809
2,5,8,Chile,False,2018,3,397
2,6,10,Uruguay,False,2018,9,787
9,1,2,Uruguay,False,2018,1,191
5,2,3,Uruguay,True,2018,10,843
1,5,7,Chile,False,2018,10,126
10,1,10,Chile,True,2019,1,592
10,6,8,Argentina,True,2019,4,394
6,5,5,Argentina,True,2019,4,547
7,7,10,Uruguay,False,2018,11,139
3,2,8,Brasil,True,2018,6,912
10,10,6,Uruguay,True,2019,2,358
2,5,7,Uruguay,False,2019,2,219
5,10,4,Uruguay,False,2018,6,179
10,10,9,Chile,True,2018,10,783
6,2,4,Uruguay,True,2018,7,133
1,10,2,Brasil,False,2019,11,805
5,4,7,Brasil,False,2019,8,876
6,6,8,Argentina,True,2019,8,172
9,10,9,Chile,True,2019,7,702
5,8,4,Brasil,True,2018,12,132
2,2,3,Chile,True,2018,3,427
1,5,1,Brasil,False,2019,6,658
10,8,5,Brasil,False,2019,8,558
8,9,10,Uruguay,False,2019,3,881
6,3,6,Argentina,True,2018,5,345
3,2,5,Uruguay,True,2019,2,994
10,3,9,Uruguay,False,2018,9,298
10,1,7,Brasil,True,2018,10,447
8,4,8,Brasil,True,2018,8,170
7,10,4,Chile,True,2018,7,934
4,1,7,Brasil,True,2018,4,563
10,2,6,Brasil,False,2018,12,236
3,7,1,Chile,True,2019,8,475
10,9,9,Argentina,False,2018,9,276
3,7,3,Argentina,True,2018,1,431
7,7,3,Argentina,True,2019,4,938
10,10,10,Uruguay,True,2018,10,822
3,7,4,Chile,False,2019,4,281
3,2,2,Uruguay,True,2018,10,950
5,5,1,Uruguay,True,2018,3,786
10,9,8,Brasil,True,2019,7,403
5,5,6,Chile,True,2018,8,693
7,5,6,Brasil,False,2018,12,278
3,1,7,Uruguay,True,2019,2,116
2,7,7,Uruguay,True,2018,6,652
7,4,7,Argentina,False,2019,11,853
5,1,7,Argentina,False,2019,1,276
10,7,2,Brasil,True,2018,8,144
10,10,2,Uruguay,False,2019,6,732
7,5,10,Uruguay,True,2018,9,405
10,5,4,Brasil,True,2018,3,847
2,2,10,Uruguay,True,2018,10,780
10,9,3,Uruguay,False,2019,5,373
10,7,5,Chile,False,2019,4,177
8,8,9,Argentina,False,2019,9,413
6,3,3,Chile,True,2018,3,302
1,6,5,Chile,True,2018,8,627
6,10,6,Uruguay,False,2019,4,749
8,10,4,Argentina,False,2019,3,951
6,9,10,Argentina,True,2019,5,614
2,9,5,Argentina,False,2018,2,856
10,10,2,Chile,False,2018,6,433
4,7,3,Chile,False,2018,2,136
1,1,1,Brasil,False,2019,2,405
2,2,8,Uruguay,False,2018,8,363
9,3,4,Chile,False,2018,4,207
9,5,6,Argentina,True,2018,12,644
7,6,4,Uruguay,True,2018,1,376
7,10,3,Argentina,False,2018,3,113
5,9,6,Brasil,False,2019,4,932
5,7,7,Uruguay,True,2018,10,209
2,10,6,Uruguay,False,2018,8,928
9,9,9,Uruguay,False,2018,2,186
7,2,3,Brasil,True,2018,11,197
4,5,7,Brasil,False,2019,10,584
5,6,9,Uruguay,False,2018,9,709
6,1,4,Argentina,True,2019,3,661
5,10,1,Uruguay,True,2018,4,104
10,8,4,Argentina,False,2019,11,312
7,2,8,Uruguay,False,2019,6,257
4,7,1,Chile,False,2019,8,679
1,9,6,Brasil,True,2019,6,881
9,8,9,Brasil,False,2019,8,686
4,5,6,Uruguay,True,2018,4,325
3,1,1,Chile,False,2018,9,661
5,1,2,Brasil,False,2019,12,733
9,2,7,Chile,False,2019,11,133
7,8,1,Chile,False,2019,7,1000
4,9,3,Chile,False,2018,2,757
8,2,7,Brasil,True,2019,8,536
6,10,10,Chile,False,2019,9,877
3,6,3,Brasil,True,2018,4,940
3,1,2,Uruguay,False,2018,1,795
8,10,1,Uruguay,True,2019,12,339
1,6,6,Chile,False,2019,5,639
3,1,9,Uruguay,True,2019,1,942
1,2,7,Brasil,True,2019,11,545
1,8,5,Argentina,False,2018,12,591
6,9,8,Uruguay,False,2018,5,591
5,10,7,Argentina,False,2019,12,934
2,9,3,Brasil,False,2018,7,259
5,7,10,Uruguay,False,2018,12,933
1,5,6,Argentina,False,2018,7,348
2,3,4,Chile,True,2019,4,612
10,10,5,Uruguay,False,2019,2,877
10,4,4,Chile,True,2018,2,881
7,3,4,Chile,True,2019,4,352
1,9,8,Chile,True,2019,9,671
7,3,3,Argentina,False,2019,1,253
6,5,4,Brasil,True,2018,6,286